cid,MW,LogP,TPSA,HBD,HBA,RotBonds,AromaticRings,AliphaticRings,FractionCSP3,HeavyAtoms,MolMR,NumRings
85,162.209,-0.4717999999999998,57.53,2,2,4,0,0,0.8571428571428571,11,41.159,0
119,103.12100000000001,-0.19009999999999982,63.31999999999999,2,2,3,0,0,0.75,7,25.924199999999995,0
137,131.13099999999997,-0.621,80.39,2,3,4,0,0,0.6,9,30.931199999999997,0
143,473.44600000000025,-0.7310999999999972,219.83999999999997,7,9,10,2,1,0.3,34,120.78230000000005,3
146,459.46300000000025,-0.257699999999999,202.76999999999998,7,9,9,2,1,0.35,33,120.64230000000006,3
158,352.47100000000006,3.251100000000002,94.83000000000001,3,4,12,0,1,0.7,25,97.14340000000004,1
159,352.471,3.4085000000000027,86.99000000000001,3,4,10,0,2,0.75,25,95.95240000000005,2
160,354.487,3.0429000000000026,97.99000000000001,4,4,12,0,1,0.75,25,98.14320000000005,1
175,59.044000000000004,-1.2438,40.129999999999995,0,2,0,0,0,0.5,4,10.681000000000001,0
187,146.21,0.25570000000000004,26.3,0,2,3,0,0,0.8571428571428571,10,39.5324,0
191,267.245,-1.979999999999999,139.54000000000002,4,9,2,2,1,0.5,19,62.74480000000002,3
206,180.156,-3.2213999999999987,110.38000000000001,5,6,1,0,1,1.0,12,35.98599999999999,1
214,354.487,3.475100000000003,94.83000000000001,3,4,13,0,1,0.8,25,97.23740000000005,1
222,17.031,0.16199999999999998,35.0,1,1,0,0,0,0.0,1,5.0221,0
232,174.20399999999998,-1.548099999999999,127.71999999999998,4,3,5,0,0,0.6666666666666666,12,45.522,0
244,108.13999999999997,1.1788999999999998,20.23,1,1,1,1,0,0.14285714285714285,8,32.364799999999995,1
247,117.14799999999998,-1.5574999999999983,40.129999999999995,0,2,2,0,0,0.8,8,27.906399999999987,0
271,40.078,-0.3808,0.0,0,0,0,0,0,0.0,1,5.754,0
297,16.043,0.6361,0.0,0,0,0,0,0,1.0,1,6.731,0
298,323.13200000000006,0.9089999999999998,112.70000000000002,3,5,6,1,0,0.36363636363636365,20,72.5667,1
303,408.5790000000002,3.448700000000003,97.99000000000001,4,4,4,0,4,0.9583333333333334,29,110.03720000000007,4
305,104.17299999999999,-0.3150999999999999,20.23,1,1,2,0,0,1.0,7,29.985199999999985,0
311,192.12300000000002,-1.2485,132.13,4,4,5,0,0,0.5,13,37.09119999999999,0
312,35.453,-2.996,0.0,0,0,0,0,0,0.0,1,0.0,0
338,138.12199999999999,1.0903999999999998,57.53,2,2,1,1,0,0.0,10,35.06609999999999,1
401,102.093,-1.6248999999999993,64.35,2,3,0,0,1,0.6666666666666666,7,22.0701,1
444,239.74599999999998,3.2993000000000023,29.1,1,2,3,1,0,0.46153846153846156,16,68.13320000000004,1
450,272.388,3.6092000000000026,40.46,2,2,0,1,3,0.6666666666666666,20,78.73060000000004,4
453,182.172,-3.585399999999998,121.38000000000001,6,6,5,0,0,1.0,12,38.19879999999999,0
564,131.17499999999998,0.5901000000000001,63.31999999999999,2,2,5,0,0,0.8333333333333334,9,35.15819999999999,0
581,163.198,-0.4945,66.4,3,3,3,0,0,0.6,10,39.093500000000006,0
596,243.21900000000002,-2.562999999999999,130.83,4,8,2,1,1,0.5555555555555556,17,55.918800000000026,2
598,142.201,-0.19599999999999984,54.370000000000005,2,3,2,0,0,1.0,7,30.268599999999996,0
612,90.07799999999999,-0.5482,57.53,2,2,1,0,0,0.6666666666666666,6,19.3166,0
679,78.13600000000001,-0.005299999999999971,17.07,0,1,0,0,0,1.0,4,19.990399999999998,0
681,153.181,0.5989999999999995,66.48,3,3,2,1,0,0.25,11,42.53000000000001,1
698,270.37199999999996,3.8174000000000032,37.3,1,2,0,1,3,0.6111111111111112,20,77.73080000000004,4
699,350.43600000000004,3.293400000000001,80.67,1,4,2,1,3,0.6111111111111112,24,88.24260000000007,4
700,61.083999999999996,-1.0626,46.25,2,2,1,0,0,1.0,4,16.140200000000004,0
727,290.832,3.644400000000001,0.0,0,0,0,0,1,1.0,12,57.84600000000002,1
738,146.146,-1.336199999999999,106.41,3,3,4,0,0,0.6,10,34.03959999999999,0
750,75.06700000000001,-0.9702999999999999,63.31999999999999,2,2,1,0,0,0.5,5,16.6902,0
753,92.09399999999998,-1.6681000000000001,60.69,3,3,2,0,0,1.0,6,20.178400000000003,0
767,62.02400000000001,0.2224,57.53,2,1,0,0,0,0.0,4,10.6536,0
772,1134.934000000001,-10.711900000000018,610.4900000000001,15,30,21,0,4,0.8846153846153846,70,200.7087999999998,4
774,111.14800000000001,-0.08910000000000007,54.7,2,2,2,1,0,0.4,8,31.346099999999996,1
785,110.11199999999997,1.0977999999999999,40.46,2,2,0,1,0,0.0,8,29.771599999999992,1
813,39.098,-2.996,0.0,0,0,0,0,0,0.0,1,0.0,0
815,484.50300000000016,-7.291399999999999,282.60999999999996,11,15,6,0,3,1.0,33,107.79220000000002,3
838,183.207,0.35059999999999986,72.72,4,4,3,1,0,0.3333333333333333,13,48.65810000000003,1
853,776.872,4.557300000000002,92.78,3,4,5,2,0,0.13333333333333333,24,124.80600000000003,2
861,650.9760000000001,3.9527000000000014,92.78,3,4,5,2,0,0.13333333333333333,23,112.08900000000003,2
888,24.305,-0.3808,0.0,0,0,0,0,0,0.0,1,5.754,0
896,232.283,1.8551,54.120000000000005,2,2,4,2,0,0.3076923076923077,17,67.23840000000003,2
923,22.99,-2.996,0.0,0,0,0,0,0,0.0,1,0.0,0
937,122.10299999999997,-0.5549000000000002,53.019999999999996,0,3,1,1,0,0.0,9,28.567499999999995,1
942,162.23600000000002,1.8483,16.130000000000003,0,2,1,1,1,0.5,12,48.842000000000034,2
946,46.005,0.25060000000000004,52.489999999999995,0,3,0,0,0,0.0,3,9.161999999999999,0
948,44.013,-0.1584,53.470000000000006,0,1,0,0,0,0.0,3,8.86,0
951,169.18,0.08989999999999976,86.71000000000001,4,4,2,1,0,0.25,12,43.785800000000016,1
961,17.007,-0.1768,30.0,0,1,0,0,0,0.0,1,1.9358,0
1003,96.98599999999999,-1.5606000000000002,80.59,2,2,0,0,0,0.0,5,12.0441,0
1046,123.115,-0.42450000000000004,68.87,1,3,1,1,0,0.0,9,30.549899999999997,1
1054,169.17999999999998,0.08022000000000001,73.58000000000001,3,4,2,1,0,0.375,12,42.484400000000015,1
1065,324.4240000000001,3.173200000000002,45.59,1,4,4,2,3,0.45,24,95.02680000000007,5
1071,286.45900000000006,5.510300000000006,20.23,1,1,5,0,1,0.5,21,93.21180000000004,1
1084,112.131,-1.0065,63.19,0,4,0,0,0,0.0,5,17.0622,0
1125,241.25100000000003,-1.7001999999999988,136.29,6,7,2,1,1,0.5555555555555556,17,62.8581,2
1130,265.36199999999997,0.60774,75.91,2,5,4,2,0,0.4166666666666667,18,70.32420000000002,2
1134,242.231,-1.5142799999999992,104.55000000000001,3,6,2,1,1,0.6,17,57.679300000000026,2
1206,149.23699999999997,1.837,12.03,1,1,3,1,0,0.4,11,48.66770000000003,1
1301,252.24499999999998,-1.2941999999999987,49.36,0,3,3,2,0,0.21428571428571427,18,63.92200000000003,2
1546,285.691,-0.2974000000000001,119.31,3,8,2,2,1,0.5,19,66.36500000000001,3
1690,544.5330000000004,-0.7154999999999992,207.68999999999997,6,11,5,2,3,0.4444444444444444,39,130.45510000000007,5
1727,94.117,0.6638000000000001,38.91,1,2,0,1,0,0.0,7,28.6494,1
1775,252.273,1.7696,58.2,2,2,2,2,1,0.06666666666666667,19,70.33840000000004,3
1798,237.286,-1.4265999999999994,106.03,2,5,2,1,0,0.4,14,48.9669,1
1805,244.207,-3.167999999999999,143.72000000000003,4,9,2,1,1,0.625,17,53.71380000000002,2
1875,474.55000000000035,2.2193,138.2,3,7,6,0,4,0.6923076923076923,34,120.33840000000006,4
1971,286.33900000000006,1.0922999999999998,101.88,3,7,4,2,2,0.5,21,79.74990000000001,4
1972,924.091000000001,0.7117000000000056,319.60999999999996,12,17,3,0,3,0.6595744680851063,65,236.99119999999942,3
1978,336.4320000000001,2.3655,87.66,3,5,10,1,0,0.5555555555555556,24,94.62470000000005,1
1983,151.165,1.3505999999999998,49.33,2,2,1,1,0,0.125,11,42.41050000000002,1
1986,222.251,-0.8561000000000003,115.04,2,6,2,1,0,0.25,13,45.5859,1
1990,75.067,-0.4882999999999999,49.33,2,2,0,0,0,0.5,5,15.603200000000001,0
1993,160.23699999999997,0.6442000000000001,26.3,0,2,3,0,0,0.875,11,44.127400000000016,0
2019,1255.4379999999985,0.7256400000000024,359.9799999999999,5,18,8,1,6,0.6129032258064516,90,325.47720000000055,7
2021,332.353,-2.9255999999999966,129.51000000000002,5,9,2,0,3,0.9285714285714286,23,76.36380000000004,3
2022,225.208,-1.3317999999999997,119.05,3,7,4,2,0,0.375,16,55.5989,2
2082,265.338,3.2433000000000005,67.01,2,4,4,2,0,0.3333333333333333,18,73.13640000000002,2
2083,239.315,1.3059999999999998,72.72,4,4,4,1,0,0.5384615384615384,17,66.74510000000004,1
2085,521.0500000000003,3.942700000000003,106.97,1,7,6,0,4,0.7142857142857143,36,132.9478,4
2088,249.09599999999998,-1.2732000000000003,161.31000000000003,6,4,5,0,0,1.0,14,47.326400000000014,0
2092,389.45600000000013,1.3507000000000002,111.83000000000001,2,8,8,2,1,0.5263157894736842,28,106.92510000000006,3
2094,136.114,-0.4022000000000003,74.43,2,3,0,0,2,0.0,10,33.625399999999985,2
2099,294.35800000000006,2.4083200000000007,53.92,1,3,2,3,1,0.29411764705882354,22,84.68820000000004,4
2118,308.772,3.5801200000000017,43.07,0,4,1,3,1,0.11764705882352941,22,86.89100000000002,4
2123,210.285,0.0696000000000001,48.39000000000001,0,6,3,1,0,0.6666666666666666,15,62.808000000000035,1
2130,151.253,1.9139000000000002,26.02,1,1,0,0,4,1.0,11,45.09040000000002,4
2133,502.57900000000035,3.5238000000000023,99.13000000000001,1,7,3,0,6,0.75,36,125.26580000000006,6
2140,613.9150000000001,3.1154,95.5,3,3,3,1,0,0.18181818181818182,20,100.15970000000002,1
2141,214.22699999999998,-0.2492999999999997,95.58,4,4,7,0,0,1.0,12,51.04320000000003,0
2142,585.6080000000003,-8.424200000000015,331.94,13,17,10,0,3,0.9545454545454546,40,131.42570000000006,3
2145,232.283,1.3531999999999997,72.19,2,3,2,1,1,0.38461538461538464,17,65.20710000000003,2
2148,194.18999999999997,0.08320000000000022,92.42,3,3,3,1,0,0.1111111111111111,14,50.8234,1
2153,180.167,-1.0397000000000005,72.68,1,5,0,2,0,0.2857142857142857,13,46.575700000000005,2
2156,646.3270000000002,5.519100000000006,43.879999999999995,1,3,11,3,0,0.4,31,142.5411999999999,3
2159,369.48700000000014,1.2851000000000006,101.72999999999999,2,6,7,1,1,0.5882352941176471,25,97.73540000000006,2
2160,277.411,4.168600000000003,3.24,0,1,3,2,1,0.3,21,90.54200000000006,3
2161,298.298,2.745,106.42,2,5,2,3,0,0.1875,22,83.24570000000004,3
2162,408.88200000000035,2.2663,99.88,2,7,8,1,1,0.4,28,105.57710000000003,2
2163,225.26799999999994,0.8275999999999994,81.59,1,3,4,0,1,0.7272727272727273,16,57.76970000000003,1
2168,317.51700000000005,4.662000000000004,12.47,0,2,6,1,1,0.7142857142857143,23,99.07600000000008,2
2170,313.788,3.4292000000000016,36.86,1,4,0,2,2,0.23529411764705882,22,88.60770000000004,4
2171,365.4110000000001,0.023699999999999555,132.95999999999998,4,6,4,1,2,0.4375,25,90.69370000000004,3
2173,348.4040000000001,-1.0165999999999988,115.56,2,6,4,1,2,0.4375,24,86.40010000000004,3
2182,256.092,2.1170999999999993,44.7,1,3,0,1,2,0.2,16,62.9367,3
2215,267.328,2.8499000000000017,43.7,2,3,0,2,2,0.29411764705882354,20,77.98660000000002,4
2216,245.11299999999997,1.9466999999999999,62.44,3,4,1,1,1,0.2222222222222222,15,64.80180000000001,2
2249,266.34099999999995,0.4521,84.58,3,4,8,1,0,0.5,19,73.98090000000002,1
2265,277.26900000000006,1.1458,115.42000000000002,1,8,3,3,0,0.1111111111111111,19,65.6691,3
2284,213.66399999999996,1.8569999999999995,63.31999999999999,2,2,4,1,0,0.3,14,55.500200000000014,1
2311,424.49700000000024,2.5731,95.94000000000001,2,5,9,2,1,0.375,31,116.8595000000001,3
2315,421.4220000000001,1.6253999999999997,118.35999999999999,3,5,3,2,1,0.2,27,90.6954,3
2337,165.19199999999998,1.4455,52.32,1,3,2,1,0,0.2222222222222222,12,46.81090000000002,1
2341,239.36199999999997,3.7496000000000027,3.24,0,1,5,2,0,0.29411764705882354,18,77.51700000000005,2
2344,307.437,4.417800000000004,12.47,0,2,4,2,2,0.42857142857142855,23,93.40700000000007,4
2345,212.248,3.0436000000000014,26.3,0,2,3,2,0,0.07142857142857142,16,62.00350000000004,2
2349,334.39700000000005,0.8607999999999993,86.71000000000001,2,4,4,1,2,0.4375,23,85.80450000000003,3
2350,388.8950000000002,4.170200000000002,62.66,1,4,8,2,1,0.42857142857142855,27,104.94880000000009,3
2351,366.5490000000002,4.830200000000005,15.71,0,3,10,2,1,0.5,27,114.18600000000008,3
2366,136.19799999999995,0.8434999999999999,24.92,1,2,3,1,0,0.375,10,41.86770000000002,1
2367,472.44600000000014,2.0127,141.36,4,6,4,0,4,0.7272727272727273,32,110.85470000000005,4
2369,307.434,2.393400000000001,50.72,2,4,11,1,1,0.6666666666666666,22,88.32950000000005,2
2370,161.22499999999997,0.17640000000000045,52.32,1,2,3,0,0,0.8571428571428571,11,43.0298,0
2375,430.3790000000001,2.879580000000002,107.26,2,5,5,2,0,0.2222222222222222,29,93.86530000000003,2
2391,361.3970000000001,4.112400000000003,65.49000000000001,0,5,5,3,0,0.13636363636363635,27,100.68400000000003,3
2405,325.449,2.3659000000000003,59.95,2,5,12,1,0,0.6666666666666666,23,91.82650000000005,1
2431,243.16799999999998,3.0454000000000017,0.0,0,0,3,1,0,0.45454545454545453,13,60.495400000000046,1
2435,292.14,1.7633999999999996,62.2,2,5,1,2,1,0.18181818181818182,17,71.1654,3
2441,316.158,2.6336000000000004,54.35,1,3,1,2,1,0.07142857142857142,19,77.51470000000002,3
2442,376.1360000000002,4.558300000000004,29.259999999999998,1,2,3,1,1,0.5714285714285714,18,84.59440000000004,2
2443,654.6060000000002,3.1928000000000023,118.21000000000002,3,6,5,2,5,0.59375,43,164.15819999999965,7
2462,430.5410000000002,2.716800000000001,93.06,2,6,4,0,5,0.76,31,112.86660000000006,5
2471,364.42300000000006,3.036500000000001,118.72,3,5,8,2,0,0.23529411764705882,25,94.68820000000004,2
2474,288.43500000000006,3.8965400000000026,32.34,1,2,5,1,1,0.6111111111111112,21,88.66570000000006,2
2476,467.65000000000026,4.413800000000005,62.16000000000001,2,5,4,1,7,0.7931034482758621,34,130.1996000000001,8
2477,385.5120000000001,2.0881999999999996,69.64000000000001,0,6,6,1,3,0.7142857142857143,28,106.77400000000004,4
2478,246.30599999999998,-0.2809999999999997,86.74000000000001,0,6,7,0,0,1.0,14,50.82560000000003,0
2479,212.24899999999997,0.7948999999999998,75.27000000000001,2,3,3,0,1,0.7,15,53.86040000000002,1
2484,317.476,5.769300000000006,3.24,0,1,4,3,0,0.30434782608695654,24,104.26100000000007,3
2487,327.46799999999996,3.3656000000000033,43.7,2,3,2,1,4,0.7142857142857143,24,94.22560000000004,5
2512,451.61500000000024,3.193900000000002,71.67999999999999,2,4,8,2,2,0.5384615384615384,33,132.3654,4
2519,194.194,-1.0293,61.82,0,6,0,2,0,0.375,14,51.19600000000001,2
2520,454.6110000000003,5.093080000000005,63.95,0,6,13,2,0,0.5185185185185185,33,131.656,2
2522,412.61400000000015,5.090600000000007,60.69,3,3,5,0,4,0.7037037037037037,30,121.76040000000008,4
2524,416.6460000000002,5.704700000000008,60.69,3,3,6,0,3,0.7777777777777778,30,124.0384000000001,3
2540,610.6709999999999,6.319100000000007,143.34,1,11,10,5,1,0.3333333333333333,45,164.37019999999956,6
2541,440.46300000000014,4.028600000000003,118.81000000000002,2,7,7,5,0,0.125,33,122.01300000000002,5
2547,668.7169999999995,-8.234800000000018,378.41999999999996,14,14,10,0,2,0.6,47,164.72840000000002,2
2548,305.41800000000006,3.789600000000002,58.56,2,3,9,1,0,0.5,22,88.95150000000005,1
2550,217.28999999999996,0.6279000000000001,57.61,2,3,3,0,1,0.7777777777777778,14,55.38780000000003,1
2551,147.19799999999998,-0.2120999999999994,52.32,1,2,3,0,0,0.8333333333333334,10,38.434799999999996,0
2554,236.27399999999997,3.3872000000000018,46.33,1,1,0,2,1,0.0,18,73.53440000000002,3
2559,376.39000000000016,-2.1828999999999974,129.67000000000002,1,7,5,1,2,0.4117647058823529,26,87.21970000000003,3
2563,226.232,-0.05309999999999998,115.81,5,5,4,1,0,0.3,16,56.83950000000002,1
2564,290.794,3.4026000000000023,25.36,0,3,6,2,0,0.3125,20,82.03800000000005,2
2576,260.334,2.0227,90.65,2,4,7,0,0,0.8333333333333334,18,68.17010000000005,0
2578,214.05199999999996,1.157,61.77,1,3,5,0,0,0.8,12,47.33970000000001,0
2583,292.37899999999996,1.6990999999999998,70.59,3,4,5,1,1,0.5625,21,82.65020000000003,2
2585,406.482,3.7380000000000018,75.74,3,5,10,4,0,0.25,30,118.66520000000004,4
2609,367.8140000000001,0.6212999999999995,112.73,3,5,4,1,2,0.26666666666666666,24,88.90790000000003,3
2610,363.3950000000001,0.15049999999999963,132.95999999999998,4,6,4,1,2,0.3125,25,90.39370000000004,3
2617,453.51100000000025,-1.970779999999998,158.92000000000002,1,13,7,2,2,0.42857142857142855,29,100.24270000000001,4
2622,480.57200000000023,-1.2798999999999958,150.04,2,10,7,1,3,0.5263157894736842,32,117.14750000000004,4
2631,454.46600000000024,-1.9571999999999978,176.34,2,12,7,1,2,0.375,30,103.76110000000001,3
2637,426.4520000000001,-1.236099999999997,151.09,2,9,7,1,2,0.375,28,96.5661,3
2646,389.4330000000001,0.7066999999999998,132.95999999999998,4,6,5,1,2,0.2777777777777778,27,99.53370000000004,3
2650,546.5870000000002,-1.299199999999996,191.22,3,11,9,2,2,0.3181818181818182,37,129.5559,4
2654,410.4330000000001,-0.04819999999999913,162.92,4,8,6,1,2,0.26666666666666666,27,97.49770000000004,3
2655,383.4110000000001,-0.5557999999999998,147.20999999999998,3,9,5,1,2,0.3076923076923077,25,90.81390000000002,3
2656,552.5760000000002,-3.1656999999999966,220.88000000000002,2,16,8,2,2,0.3333333333333333,36,124.5711,4
2658,423.38300000000027,-1.8706999999999976,176.59000000000003,2,10,7,1,2,0.3125,29,94.84510000000002,3
2662,381.3790000000001,3.5139200000000015,77.98,1,4,3,3,0,0.11764705882352941,26,90.11220000000003,3
2663,379.50100000000015,2.8907000000000016,90.9,3,5,9,1,0,0.6,27,107.6437000000001,1
2666,347.39600000000013,0.44489999999999946,112.73,3,5,4,1,2,0.3125,24,88.72890000000004,3
2675,453.45800000000014,-0.5447999999999986,184.51,4,10,8,1,2,0.25,30,106.53270000000002,3
2676,459.5580000000001,4.880700000000006,99.88000000000001,3,5,11,2,0,0.46153846153846156,33,126.43940000000008,2
2678,388.8950000000001,3.1482000000000028,53.010000000000005,1,4,8,2,1,0.38095238095238093,27,106.20480000000005,3
2684,199.31899999999996,1.5602,12.47,0,3,0,0,4,1.0,13,54.90000000000004,4
2708,304.217,3.3779000000000012,40.54,1,2,9,1,0,0.5,19,80.66880000000005,1
2712,299.761,1.8492,48.19,1,3,1,2,1,0.125,21,83.03650000000003,3
2713,505.4580000000001,3.3366,177.58,6,2,9,2,0,0.2727272727272727,34,144.841,2
2719,319.88,4.810600000000004,28.16,1,3,8,2,0,0.5,22,96.85970000000006,2
2720,295.729,0.12989999999999996,118.68999999999998,2,5,1,1,1,0.0,17,62.1257,2
2725,274.795,3.8186000000000027,16.130000000000003,0,2,5,2,0,0.3125,19,80.70300000000005,2
2726,318.87300000000005,4.894400000000004,6.48,0,3,4,2,1,0.29411764705882354,21,92.19400000000005,3
2727,276.745,1.7379,75.27000000000001,2,3,4,1,0,0.3,17,65.46320000000003,1
2732,338.77200000000005,0.9242000000000001,109.49000000000001,3,4,2,2,1,0.07142857142857142,22,79.73220000000002,3
2733,169.56699999999998,1.7744999999999997,46.0,1,2,0,2,0,0.0,11,41.844699999999996,2
2749,207.27299999999994,2.44172,42.230000000000004,1,3,1,1,1,0.5833333333333334,15,58.449500000000036,2
2751,417.5060000000003,1.5955,99.18,2,6,8,1,2,0.5909090909090909,30,110.4185000000001,3
2754,369.4690000000001,3.4647000000000023,81.93,1,6,7,2,2,0.6,27,101.76470000000006,4
2756,252.347,0.5973999999999998,88.88999999999999,3,4,5,1,0,0.5,17,69.59710000000001,1
2762,262.22099999999995,0.8432999999999997,90.65,1,6,2,2,1,0.25,19,64.75930000000001,3
2764,331.34700000000004,1.5833,74.57000000000001,2,5,3,2,2,0.4117647058823529,24,88.47900000000006,4
2767,298.03,2.8107,67.0,0,0,0,0,0,0.0,5,22.274800000000006,0
2771,324.399,3.812980000000003,36.26,0,3,5,2,1,0.35,24,90.91400000000004,3
2781,343.8980000000002,5.104400000000005,12.47,0,2,6,2,1,0.42857142857142855,24,100.56900000000007,3
2786,424.9910000000001,0.3895000000000021,102.26000000000002,4,7,7,0,2,0.9444444444444444,27,106.87510000000006,2
2789,300.745,3.3712000000000018,40.620000000000005,0,2,1,2,1,0.125,21,83.06700000000002,3
2791,466.9770000000002,4.103100000000004,80.67000000000002,1,5,4,0,4,0.72,32,117.74280000000006,4
2792,478.98800000000017,4.701400000000005,77.51,0,5,5,0,4,0.6923076923076923,33,121.36000000000006,4
2794,473.40700000000015,7.489800000000004,42.21,1,4,4,3,2,0.1111111111111111,33,138.13569999999987,5
2800,405.9690000000001,6.562600000000007,12.47,0,2,9,3,0,0.23076923076923078,29,124.37800000000003,3
2801,314.86,4.528400000000004,6.48,0,2,4,2,1,0.3684210526315789,22,95.47900000000006,3
2802,315.716,3.037700000000002,84.6,1,4,2,2,1,0.06666666666666667,22,83.68410000000002,3
2803,230.09799999999998,2.3645000000000005,36.42,2,3,1,1,1,0.2222222222222222,14,60.389400000000016,2
2806,321.829,3.6739000000000024,29.54,0,4,3,2,1,0.3125,21,84.64200000000004,3
2809,314.72800000000007,2.5827,78.76,2,3,2,2,1,0.0625,22,83.58650000000004,3
2812,344.845,5.376700000000004,17.82,0,2,4,4,0,0.045454545454545456,25,101.84300000000003,4
2818,326.831,2.0298999999999987,30.869999999999997,1,4,1,2,2,0.2777777777777778,23,94.43570000000003,4
2826,303.35800000000006,1.8676999999999997,55.84,0,5,3,1,2,0.5294117647058824,22,80.34150000000005,3
2828,299.37,1.5011,41.93000000000001,1,4,1,1,4,0.5555555555555556,22,82.46380000000005,5
2833,399.44300000000015,2.8716000000000017,83.09000000000002,1,6,5,2,1,0.36363636363636365,29,109.23470000000006,3
2881,466.3540000000002,-0.5549000000000006,179.37,1,11,8,4,0,0.13043478260869565,34,110.62580000000005,4
2883,203.28499999999997,2.9240200000000014,20.310000000000002,0,1,3,1,0,0.3076923076923077,15,64.02000000000002,1
2891,1356.3959999999993,4.041210000000011,485.87999999999994,10,19,26,2,6,0.6190476190476191,93,338.7880000000004,8
2895,275.39500000000004,4.553800000000004,3.24,0,1,3,2,1,0.2,21,92.06200000000005,3
2905,291.3910000000001,2.1801,49.769999999999996,1,4,6,1,1,0.5882352941176471,21,82.11380000000005,2
2907,261.08899999999994,1.884,41.57,1,2,5,0,1,1.0,14,59.19120000000003,1
2909,1202.6349999999982,3.2690000000000063,278.8,5,12,15,0,1,0.7903225806451613,85,328.4446000000004,1
2913,287.4060000000001,4.697900000000004,3.24,0,1,0,2,2,0.23809523809523808,22,94.56500000000005,4
2914,416.9450000000002,4.607600000000004,60.440000000000005,0,4,2,0,5,0.7083333333333334,29,108.95300000000005,5
2949,337.4630000000001,4.221000000000004,46.260000000000005,1,3,0,1,4,0.6818181818181818,25,96.35280000000004,5
2951,313.2490000000001,1.3831,124.37,0,6,4,2,1,0.07142857142857142,23,77.92940000000003,3
2955,248.307,1.6838,86.18,2,4,2,2,0,0.0,17,67.16060000000002,2
2958,527.5260000000003,1.0288999999999995,185.84,5,11,4,2,3,0.4444444444444444,38,130.34260000000006,5
2972,139.154,0.39931999999999984,42.230000000000004,1,3,0,1,0,0.2857142857142857,10,38.08480000000001,1
2973,560.6930000000007,0.9221000000000046,205.83999999999995,6,9,23,0,0,0.8,39,141.26730000000006,0
2978,314.46900000000005,5.7358000000000064,29.46,1,2,4,1,2,0.6190476190476191,23,95.26480000000006,3
2995,266.388,3.5328000000000026,15.27,1,2,4,2,1,0.3333333333333333,20,85.84170000000005,3
3000,376.46800000000013,2.780800000000001,74.60000000000001,2,4,2,0,4,0.7272727272727273,27,98.48460000000004,4
3003,392.4670000000001,1.8957,94.83000000000001,3,5,2,0,4,0.7272727272727273,28,99.94440000000004,4
3007,135.20999999999995,1.5763,26.02,1,1,2,1,0,0.3333333333333333,10,43.79540000000002,1
3008,271.40400000000005,3.3834000000000026,12.47,0,2,1,1,3,0.6666666666666666,20,81.36900000000006,4
3009,182.17,-0.22749999999999948,89.33999999999999,3,3,5,0,0,0.8333333333333334,12,38.846599999999995,0
3015,374.90800000000013,4.036800000000004,54.370000000000005,1,3,1,0,5,0.7272727272727273,26,99.40580000000004,5
3016,284.74600000000004,3.1538000000000013,32.67,0,2,1,2,1,0.125,20,81.81000000000003,3
3019,230.67600000000002,1.8726,58.53,1,3,0,1,1,0.125,14,55.369500000000016,2
3032,295.145,3.0294000000000008,52.16,1,3,4,2,0,0.07142857142857142,19,74.89770000000003,2
3038,305.16400000000004,0.28820000000000023,120.31999999999998,2,4,2,1,0,0.0,16,59.208400000000005,1
3040,469.3260000000002,1.8674199999999992,115.57,1,7,4,2,2,0.3684210526315789,30,109.04920000000003,4
3042,309.4940000000001,4.402200000000004,29.54,0,3,7,0,2,0.9473684210526315,22,90.84000000000007,2
3043,236.231,-0.21050000000000008,93.03,2,6,2,2,1,0.5,17,58.37850000000002,3
3053,393.34900000000016,-2.6845999999999934,196.21999999999997,5,8,16,0,0,0.6428571428571429,27,87.49900000000005,0
3056,494.5310000000003,2.9853000000000014,106.97000000000001,1,7,4,0,4,0.6923076923076923,35,119.31780000000008,4
3059,250.19999999999996,3.035600000000001,57.53,2,2,2,2,0,0.0,18,60.41810000000001,2
3060,508.5580000000003,3.5195000000000025,106.97000000000003,1,7,6,0,4,0.7037037037037037,36,124.00480000000007,4
3062,780.9490000000003,2.2181000000000024,203.06,6,14,7,0,8,0.926829268292683,55,192.61079999999944,8
3063,301.3860000000001,1.7250999999999999,41.93000000000001,1,4,1,1,4,0.6666666666666666,22,82.55780000000006,5
3066,583.689,2.0811000000000006,118.21,3,6,4,3,5,0.48484848484848486,43,157.36619999999974,8
3075,415.5350000000002,1.9513999999999996,60.28,1,5,6,2,1,0.36363636363636365,29,113.61870000000003,3
3080,124.22999999999996,0.20689999999999997,20.23,3,3,2,0,0,1.0,6,33.712799999999994,0
3100,255.36100000000002,3.3542000000000023,12.47,0,2,6,2,0,0.29411764705882354,19,79.23300000000006,2
3105,351.44300000000015,2.8424000000000014,84.86000000000001,2,6,5,1,0,0.5789473684210527,25,95.50850000000007,1
3108,504.6360000000005,-0.017599999999998117,145.44,4,12,12,2,2,0.75,36,140.0252,4
3114,339.4830000000002,3.361900000000001,59.22,1,3,8,2,0,0.42857142857142855,25,102.24840000000006,2
3117,296.5520000000001,3.6212000000000026,6.48,0,4,4,0,0,0.8,16,86.22000000000004,0
3121,144.214,2.2874,37.3,1,1,5,0,0,0.875,10,40.9418,0
3125,195.21799999999996,0.7366999999999997,83.55,3,3,3,1,0,0.3,14,52.03900000000002,1
3143,807.8900000000004,3.259600000000003,224.44999999999996,5,14,8,2,4,0.5581395348837209,58,203.60439999999946,6
3148,324.38000000000005,2.519000000000001,62.4,1,4,2,2,4,0.47368421052631576,24,88.74920000000004,6
3151,425.92000000000024,3.353200000000001,78.82,2,5,5,4,1,0.36363636363636365,30,119.45540000000003,5
3152,379.50000000000006,4.361100000000004,38.769999999999996,0,4,6,2,2,0.4583333333333333,28,110.13050000000004,4
3154,324.44900000000007,0.612,106.33,2,6,3,1,1,0.6,19,73.37470000000003,2
3155,295.451,4.675700000000004,3.24,0,2,3,2,1,0.2631578947368421,21,92.69500000000005,3
3156,378.5160000000003,3.173300000000002,32.78,0,3,6,2,2,0.4583333333333333,28,111.28400000000006,4
3157,451.4830000000002,1.7177999999999995,112.27000000000001,1,9,4,3,2,0.34782608695652173,33,122.20040000000002,5
3158,279.383,3.9624000000000033,12.47,0,2,3,2,1,0.2631578947368421,21,87.46600000000005,3
3168,379.43500000000006,3.6784000000000026,58.1,1,4,6,3,1,0.2727272727272727,28,107.85320000000003,4
3171,213.189,-0.4569000000000003,124.01,5,5,3,1,0,0.2222222222222222,15,50.34260000000001,1
3182,254.24599999999998,-2.2130999999999985,102.28,2,8,3,2,0,0.5,18,63.30760000000002,2
3198,381.68999999999994,5.801400000000003,27.05,0,3,6,3,0,0.16666666666666666,24,97.67100000000002,3
3199,761.8500000000004,3.4132400000000023,168.72,4,15,3,3,7,0.48717948717948717,54,194.5790999999996,10
3202,166.244,1.9790000000000005,20.23,1,1,2,1,0,0.4,12,52.28980000000004,1
3203,315.67799999999994,4.073100000000001,38.33,1,2,0,1,2,0.35714285714285715,21,69.7887,3
3209,302.458,5.9927000000000055,37.3,1,1,13,0,0,0.45,22,95.94580000000005,0
3219,302.4220000000001,2.2147000000000006,33.53,0,5,5,2,1,0.5882352941176471,22,90.55300000000005,3
3222,376.45300000000026,1.6046,95.94000000000001,2,5,9,1,1,0.55,27,100.15250000000007,2
3226,184.49099999999999,2.3528000000000002,9.23,0,1,3,0,0,1.0,10,22.784999999999997,0
3241,249.317,2.4667999999999997,41.62,1,3,0,2,2,0.1875,19,77.39940000000003,4
3249,396.65900000000016,7.641000000000009,20.23,1,1,5,0,3,0.7142857142857143,29,125.6418000000001,3
3250,325.4120000000001,1.5346000000000006,68.36,3,3,3,2,2,0.42105263157894735,24,94.57820000000004,4
3251,581.673,1.9908000000000006,118.21000000000001,3,6,4,3,5,0.42424242424242425,43,157.98519999999974,8
3255,733.9370000000002,1.785600000000004,193.91,5,14,7,0,3,0.9459459459459459,51,186.2579999999995,3
3256,862.064,2.6798000000000077,226.27999999999997,4,17,12,0,3,0.9069767441860465,60,215.99819999999917,3
3261,294.745,3.271700000000002,43.07,0,4,1,3,1,0.0625,21,82.15400000000002,4
3263,396.5710000000002,6.130500000000008,46.53,1,3,4,1,4,0.7307692307692307,29,113.79580000000006,5
3267,356.50600000000003,5.350300000000006,46.53,1,3,4,1,3,0.6956521739130435,26,102.12880000000007,4
3268,520.3900000000003,5.299000000000007,96.3,2,4,7,1,3,0.6956521739130435,33,127.01310000000005,4
3269,288.387,2.5800000000000023,60.69,3,3,0,1,3,0.6666666666666666,21,80.12040000000003,4
3278,303.14099999999996,3.6057000000000015,63.60000000000001,1,3,6,1,0,0.23076923076923078,19,73.35430000000004,1
3279,204.314,-0.292599999999999,64.52,4,4,9,0,0,1.0,14,58.33500000000005,0
3291,141.17,0.4492,46.17,1,2,1,0,1,0.7142857142857143,10,36.164699999999996,1
3292,204.229,1.2994,49.410000000000004,1,2,2,1,1,0.2727272727272727,15,55.10170000000002,2
3305,206.027,-0.9922000000000002,135.29000000000002,5,3,2,0,0,1.0,11,34.711999999999996,0
3308,287.3589999999999,3.383000000000001,62.32000000000001,2,2,4,2,1,0.47058823529411764,21,81.55450000000005,3
3310,588.5620000000005,1.3385999999999993,160.83,3,13,5,2,5,0.5517241379310345,42,138.3454,7
3324,321.33700000000016,0.5409999999999998,122.22,1,9,7,2,0,0.5,23,81.10840000000002,2
3325,337.4560000000001,-0.7679999999999998,175.83,4,6,7,1,0,0.375,20,83.0924,1
3331,238.24299999999994,0.9608000000000003,104.64,2,4,5,1,0,0.2727272727272727,17,60.25380000000003,1
3333,384.2590000000001,3.9643000000000024,64.63,1,5,4,1,1,0.3333333333333333,25,96.38770000000004,2
3339,360.837,4.680000000000004,52.6,0,4,6,2,0,0.3,25,97.26150000000004,2
3340,306.769,1.7081999999999997,77.30000000000001,4,3,1,2,1,0.25,21,80.09480000000002,3
3342,242.274,3.6670000000000025,46.53,1,2,4,2,0,0.13333333333333333,18,69.00880000000004,2
3345,336.479,4.136700000000003,23.550000000000004,0,2,6,2,1,0.4090909090909091,25,103.82700000000006,3
3348,501.6670000000001,5.5105000000000075,81.0,3,4,10,3,1,0.40625,37,146.3443999999999,4
3350,372.5530000000001,3.8145000000000024,58.2,2,2,1,0,4,0.8260869565217391,27,106.84240000000007,4
3354,391.4670000000002,4.411120000000004,59.75000000000001,0,5,5,3,1,0.3333333333333333,29,113.23050000000002,4
3355,415.35400000000004,2.4145000000000003,64.17,2,4,7,1,1,0.5882352941176471,28,86.30660000000003,2
3363,246.194,-1.6835999999999998,104.55000000000001,3,6,2,1,1,0.5555555555555556,17,52.90030000000001,2
3364,453.8790000000002,2.6878199999999994,112.74,2,6,4,2,2,0.3684210526315789,30,106.62600000000003,4
3365,306.276,0.7357999999999993,81.65,1,7,5,3,0,0.23076923076923078,22,70.29880000000001,3
3366,129.094,-0.5088000000000001,71.77,2,3,0,1,0,0.0,9,29.228100000000005,1
3367,285.23500000000007,-1.8409,139.54000000000002,4,9,2,2,1,0.5,20,62.702800000000025,3
3368,365.21400000000006,-1.7239,186.07,5,10,4,2,1,0.5,24,73.6131,3
3370,422.49300000000017,2.444500000000001,100.9,2,6,3,0,4,0.782608695652174,30,105.03860000000006,4
3372,437.5310000000002,4.308100000000004,29.950000000000003,1,5,6,2,2,0.45454545454545453,30,113.59780000000006,4
3373,303.29300000000006,1.7737,64.43,0,5,2,2,1,0.26666666666666666,22,75.27600000000002,3
3375,410.4570000000001,1.8437,94.83000000000001,3,5,2,0,4,0.7272727272727273,29,100.22340000000004,4
3379,434.5040000000002,2.2747,93.06,2,6,2,0,5,0.75,31,108.52860000000007,5
3380,313.288,2.5477000000000007,75.81,0,4,2,2,1,0.125,23,83.41240000000003,3
3381,452.4940000000002,2.3667999999999996,93.06,2,6,2,0,5,0.75,32,108.87760000000007,5
3382,494.53100000000023,2.9376000000000007,99.13000000000001,1,7,3,0,5,0.7307692307692307,35,118.42480000000006,5
3384,376.4680000000001,2.9233000000000016,74.6,2,4,1,0,4,0.7272727272727273,27,98.53260000000004,4
3385,130.07799999999997,-0.7977000000000001,65.72,2,2,0,1,0,0.0,9,27.641399999999997,1
3386,309.33099999999996,4.435000000000003,21.259999999999998,1,2,6,2,0,0.29411764705882354,22,79.79870000000004,2
3387,336.447,3.3322000000000025,57.53,2,3,0,0,4,0.85,24,89.07260000000005,4
3388,591.7840000000004,7.999700000000009,36.02,0,6,15,2,2,0.59375,41,160.08099999999962,4
3392,436.5200000000002,2.4987000000000004,93.06,2,6,2,0,5,0.8333333333333334,31,108.62260000000006,5
3393,387.886,4.004900000000004,35.91,0,3,6,2,1,0.3333333333333333,27,108.49900000000004,3
3394,244.265,3.6808000000000023,37.3,1,1,3,2,0,0.13333333333333333,18,67.88680000000002,2
3397,276.21399999999994,3.2081000000000017,72.24,1,3,3,1,0,0.36363636363636365,19,61.566100000000006,1
3399,500.5790000000002,4.430000000000004,80.67000000000002,1,6,4,0,4,0.72,34,120.86780000000007,4
3403,411.473,4.628100000000005,82.69000000000001,3,4,8,3,0,0.2916666666666667,30,115.63440000000004,3
3404,318.339,3.201500000000001,56.84,1,4,9,1,0,0.5333333333333333,22,78.71440000000003,1
3405,441.40400000000017,-0.044799999999998674,213.27999999999997,6,9,9,3,0,0.21052631578947367,32,111.89460000000004,3
3406,82.106,0.7181199999999999,28.68,1,1,0,1,0,0.25,6,23.324699999999996,1
3410,344.411,2.2232999999999996,90.82000000000001,4,5,9,2,0,0.3157894736842105,25,96.91600000000005,2
3414,122.97999999999999,-2.7566,103.32,0,5,1,0,0,0.0,7,13.0025,0
3417,138.059,-0.09110000000000007,70.06,2,2,1,0,1,1.0,8,26.37909999999999,1
3419,562.664,4.7866000000000035,113.03999999999999,0,7,14,1,2,0.7,39,148.00449999999987,3
3425,540.7080000000002,1.4296000000000006,142.7,4,8,2,0,2,0.625,36,140.5377999999999,2
3440,330.749,1.8907,122.62999999999998,3,5,5,2,0,0.08333333333333333,21,75.81920000000001,2
3443,516.7190000000004,5.666100000000006,104.06000000000002,3,5,5,0,4,0.8064516129032258,37,142.55139999999997,4
3446,171.23999999999998,1.3703,63.31999999999999,2,2,3,0,1,0.8888888888888888,12,46.82520000000001,1
3449,287.359,1.8503000000000003,41.93000000000001,1,4,1,1,3,0.5294117647058824,21,79.80280000000005,4
3454,255.23399999999998,-1.970899999999999,139.28000000000003,4,8,5,2,0,0.4444444444444444,18,61.605700000000006,2
3461,263.2,-1.2886000000000004,110.60000000000001,3,7,2,1,1,0.5555555555555556,18,54.859000000000016,2
3462,394.55200000000013,3.975600000000004,83.83000000000001,2,5,12,0,1,0.7391304347826086,28,110.68760000000007,1
3463,250.33799999999994,3.573240000000002,46.53,1,2,6,1,0,0.5333333333333333,18,72.06180000000005,1
3467,477.60300000000024,-3.3274999999999926,199.73000000000005,8,12,7,0,3,1.0,33,119.93100000000005,3
3475,323.4180000000002,1.6298200000000003,78.50999999999999,2,4,3,1,2,0.5333333333333333,22,82.43620000000004,3
3476,490.62600000000026,3.0740000000000007,124.68,3,5,7,1,2,0.5416666666666666,34,128.52190000000007,3
3478,445.54500000000024,2.0781199999999993,130.15,3,6,7,2,1,0.42857142857142855,31,114.97440000000005,3
3488,494.01300000000026,3.641700000000002,113.6,3,5,8,2,1,0.391304347826087,33,126.20940000000006,3
3494,318.43699999999995,2.4563000000000006,46.53,1,3,4,1,2,0.631578947368421,23,88.63620000000006,3
3510,312.41700000000003,2.3184000000000005,50.160000000000004,1,4,2,2,2,0.5555555555555556,23,90.39220000000006,4
3512,352.77000000000004,2.8103000000000007,71.06000000000002,0,6,3,1,2,0.4117647058823529,24,86.12550000000005,3
3516,198.21799999999996,0.4272000000000001,58.92,2,4,5,1,0,0.4,14,51.58160000000003,1
3517,231.08599999999996,1.6006999999999998,76.75999999999999,2,2,2,1,0,0.0,14,59.86579999999999,1
3519,246.09699999999998,1.3358999999999996,81.47,2,1,2,1,0,0.1111111111111111,15,60.9828,1
3520,59.071999999999996,-1.1614300000000002,75.89,3,1,0,0,0,0.0,4,16.1015,0
3553,454.9660000000002,3.889300000000003,72.83,1,5,2,0,5,0.8333333333333334,31,112.32680000000008,5
3559,375.87100000000004,4.425600000000004,40.54,1,3,6,2,1,0.38095238095238093,26,100.98730000000005,3
3598,406.9069999999999,6.609000000000001,40.46,2,2,2,2,0,0.07692307692307693,21,89.0796,2
3623,275.348,1.8884000000000003,49.769999999999996,1,4,3,1,2,0.5625,20,75.08880000000005,3
3636,360.47400000000005,2.2329999999999997,59.06,1,4,7,1,3,0.6666666666666666,26,97.57920000000007,4
3637,160.18,0.9153999999999995,63.83,2,4,1,2,0,0.0,12,47.34810000000001,2
3639,297.745,-0.3512999999999999,118.36,3,5,1,1,1,0.14285714285714285,17,61.636400000000016,2
3640,362.46600000000007,1.7815999999999996,94.83000000000001,3,5,2,0,4,0.8095238095238095,26,95.14240000000004,4
3642,432.55700000000024,3.1326000000000023,100.90000000000002,2,6,5,0,4,0.8,31,113.92360000000008,4
3647,331.29699999999997,0.014099999999999946,118.35999999999999,3,5,1,1,1,0.25,20,61.628400000000006,2
3648,285.3430000000001,1.6302999999999999,49.77,1,4,0,1,4,0.5882352941176471,21,76.67080000000004,5
3652,335.8790000000001,3.7830000000000026,48.39,2,4,9,2,0,0.5,23,98.27150000000005,2
3657,76.05499999999999,-0.9561000000000002,75.35000000000001,3,2,0,0,0,0.0,5,14.5056,0
3658,374.91200000000003,3.055900000000001,35.94,1,4,8,2,1,0.42857142857142855,26,105.65480000000005,3
3661,289.375,1.9309,49.769999999999996,1,4,4,1,2,0.5882352941176471,21,79.95580000000005,3
3672,206.28499999999997,3.073200000000001,37.3,1,1,4,1,0,0.46153846153846156,15,61.03480000000004,1
3675,136.19799999999998,0.6924000000000001,38.05,2,2,3,1,0,0.25,10,42.33610000000001,1
3676,234.343,2.5837400000000006,32.34,1,2,5,1,0,0.5,17,72.33370000000004,1
3685,497.5000000000002,1.0203,176.60999999999999,5,10,3,2,3,0.4230769230769231,36,123.79060000000005,5
3687,354.1,-1.2180999999999997,104.55000000000001,3,6,2,1,1,0.5555555555555556,17,65.6593,2
3690,261.08899999999994,1.884,41.57,1,2,5,0,1,1.0,14,59.19120000000003,1
3696,280.415,3.8750000000000027,6.48,0,2,4,2,1,0.3684210526315789,21,90.46900000000007,3
3702,365.84200000000004,2.0834,92.5,2,4,3,2,1,0.1875,24,92.37840000000003,3
3706,613.803,2.866900000000004,118.03000000000002,4,7,11,3,2,0.4722222222222222,45,174.06699999999955,5
3715,357.7930000000002,3.9273200000000026,68.53,1,4,4,3,0,0.15789473684210525,25,95.74730000000005,3
3724,1550.1880000000006,-1.5868999999999964,339.09,13,15,22,2,0,0.4857142857142857,62,272.95,2
3730,821.1410000000001,-1.6274999999999986,199.89,8,9,12,1,0,0.5263157894736842,34,146.56419999999997,1
3734,777.0880000000001,-1.0143000000000004,188.45,8,8,10,1,0,0.47058823529411764,31,135.75510000000003,1
3736,791.1149999999999,-0.40650000000000075,168.66,6,8,11,1,0,0.5,32,140.57759999999993,1
3737,613.9150000000001,2.5166000000000004,95.5,3,3,3,1,0,0.18181818181818182,20,99.24620000000002,1
3738,1626.2390000000005,-3.8942999999999905,399.78000000000003,16,18,24,2,0,0.5135135135135135,67,286.3534,2
3739,1139.7640000000004,6.848200000000002,132.8,4,4,9,2,0,0.2,34,178.83199999999994,2
3741,807.1140000000001,-2.0159999999999987,199.88999999999996,8,9,12,1,0,0.5,33,141.9692,1
3742,1268.8830000000003,3.4453000000000014,194.24,6,7,10,2,0,0.25,43,209.0013999999999,2
3743,791.115,-0.9884,179.66,7,8,11,1,0,0.5,32,140.55739999999997,1
3746,332.464,2.8541000000000016,46.53,1,3,5,1,2,0.65,24,93.51320000000007,3
3749,428.5400000000001,4.777400000000004,87.13000000000001,1,5,7,3,2,0.4,32,123.75870000000002,5
3750,586.689,4.0911000000000035,114.19999999999999,1,9,4,3,4,0.5151515151515151,43,159.94579999999965,7
3759,231.25500000000002,1.41762,67.16,2,4,4,2,0,0.16666666666666666,17,61.98790000000003,2
3763,184.49099999999999,2.3528000000000002,9.23,0,1,2,0,0,1.0,10,22.785,0
3767,137.14199999999997,-0.3149000000000001,68.01,2,3,1,1,0,0.0,10,35.89059999999999,1
3777,424.62200000000024,5.122300000000007,83.83000000000001,2,5,16,0,1,0.84,30,120.0636000000001,1
3779,211.261,1.1291999999999998,72.72,4,4,4,1,0,0.45454545454545453,15,57.870100000000036,1
3780,236.13599999999997,-1.0621999999999998,123.20000000000002,0,8,4,0,2,1.0,16,43.214800000000025,2
3783,301.386,2.8712000000000018,61.72,3,4,7,2,0,0.3333333333333333,22,87.06330000000004,2
3784,371.39300000000014,2.582200000000001,103.55,1,8,4,2,1,0.3684210526315789,27,96.32470000000005,3
3793,705.6470000000003,5.5773000000000055,104.70000000000002,0,12,11,5,2,0.37142857142857144,49,188.17599999999948,7
3821,237.73000000000002,2.897800000000001,29.1,1,2,2,1,1,0.46153846153846156,16,65.66470000000004,2
3823,531.4400000000003,4.2058000000000035,69.06,0,7,7,3,2,0.38461538461538464,36,137.5959999999999,5
3825,254.285,3.1057000000000006,54.370000000000005,1,2,4,2,0,0.125,19,72.36730000000004,2
3826,255.273,2.291,59.3,1,3,3,2,1,0.2,19,69.30030000000004,3
3827,309.4340000000001,4.014400000000004,20.310000000000002,0,3,0,2,2,0.3157894736842105,22,91.54850000000005,4
3830,215.21600000000004,1.5579999999999996,79.63000000000001,2,5,3,3,0,0.1,16,57.71840000000001,3
3848,166.176,0.6745999999999999,57.53,2,2,3,1,0,0.2222222222222222,12,43.78860000000002,1
3869,328.41200000000003,2.1353999999999997,95.58,4,4,8,2,0,0.3157894736842105,24,93.81220000000005,2
3872,342.297,-5.395599999999993,189.52999999999997,8,11,5,0,2,1.0,23,68.64140000000003,2
3877,229.261,-0.5941000000000001,90.36999999999999,2,7,2,1,1,0.5,15,56.36320000000001,2
3878,256.096,2.0098,90.71,2,5,1,2,0,0.0,16,64.1078,2
3883,369.36800000000005,3.515220000000002,67.87,1,4,5,3,0,0.25,25,86.73010000000005,3
3890,432.60100000000017,4.186400000000006,86.99000000000001,3,5,13,1,1,0.6538461538461539,31,122.45040000000007,2
3899,270.21,3.2541200000000012,55.13,1,3,2,2,0,0.16666666666666666,19,60.63720000000001,2
3902,285.31,2.659160000000001,78.29,0,5,3,3,0,0.058823529411764705,22,79.57700000000003,3
3911,1209.4210000000005,-1.438100000000009,431.53999999999985,15,14,32,4,2,0.5254237288135594,87,320.11010000000033,6
3914,291.391,2.3334000000000006,58.56,2,4,5,1,1,0.5882352941176471,21,82.96800000000003,2
3915,420.52800000000025,4.894080000000004,64.33000000000001,1,3,4,2,2,0.46153846153846156,31,117.05680000000005,4
3916,328.48100000000005,4.495600000000005,15.71,0,4,5,2,1,0.3684210526315789,23,98.28300000000007,3
3918,257.377,3.0804000000000022,23.47,1,2,0,1,3,0.6470588235294118,19,76.48180000000005,4
3928,406.54500000000013,-0.8569999999999969,122.49000000000002,5,8,7,0,2,0.9444444444444444,27,103.24090000000007,2
3929,337.35100000000017,1.1235999999999995,71.11,1,5,4,1,2,0.5,24,85.73070000000004,3
3937,405.49500000000006,1.2352000000000014,132.96,4,5,12,1,1,0.5714285714285714,29,108.38670000000009,2
3938,338.4550000000001,2.8414,51.370000000000005,2,2,3,2,2,0.45,25,101.63840000000006,4
3939,23.948,-3.1728,30.0,0,1,0,0,0,0.0,2,1.9358,0
3948,351.35300000000007,1.7959,74.57000000000001,2,5,3,2,1,0.4117647058823529,25,90.43500000000004,3
3950,233.69899999999998,2.2509000000000006,61.77,1,3,4,0,1,0.8888888888888888,15,58.62570000000002,1
3954,478.0560000000001,3.670900000000003,44.980000000000004,2,2,7,3,1,0.3448275862068966,34,137.1214999999999,4
3957,382.8910000000001,4.887800000000005,42.43,0,3,1,2,2,0.36363636363636365,27,106.94800000000004,4
3958,321.163,3.1013000000000015,61.69,2,3,1,2,1,0.06666666666666667,21,83.17950000000002,3
3961,422.9200000000001,4.2668000000000035,92.51,2,6,8,4,0,0.2727272727272727,30,115.92350000000003,4
3962,404.54700000000025,4.195500000000004,72.83000000000001,1,5,6,0,3,0.75,29,110.83780000000007,3
3964,327.81500000000005,3.7714000000000025,28.07,0,4,0,2,2,0.2777777777777778,23,93.23500000000004,4
3998,186.236,-0.20729999999999993,86.18,2,3,2,1,0,0.14285714285714285,12,45.70660000000001,1
4004,330.36400000000003,2.1218000000000004,71.06000000000002,0,8,9,0,0,0.8,19,77.56500000000004,0
4011,277.41100000000006,4.211400000000004,12.03,1,1,4,2,3,0.4,21,87.90170000000006,5
4030,295.298,2.972200000000001,84.07999999999998,2,4,3,3,0,0.0625,22,81.99590000000002,3
4031,429.55700000000024,4.6025000000000045,57.230000000000004,0,6,13,2,0,0.48,31,122.46950000000005,2
4032,167.296,2.4206000000000003,12.03,1,1,1,0,2,1.0,12,52.07670000000004,2
4033,156.056,1.3958,3.24,0,1,4,0,0,1.0,8,38.93700000000001,0
4034,390.9580000000001,5.5556200000000056,6.48,0,2,5,3,1,0.28,28,117.76600000000005,4
4036,295.145,3.408920000000002,52.16,1,3,3,2,0,0.07142857142857142,19,75.25420000000003,2
4042,386.5320000000002,4.655200000000004,60.440000000000005,0,4,2,0,4,0.7916666666666666,28,106.43500000000006,4
4043,344.49500000000006,3.9403000000000032,54.37,1,3,1,0,4,0.8181818181818182,25,96.81780000000005,4
4044,241.29,3.7452400000000017,49.33,2,2,3,2,0,0.13333333333333333,18,72.60000000000004,2
4046,378.316,4.447900000000003,45.150000000000006,2,3,2,2,1,0.47058823529411764,26,82.34850000000003,3
4048,384.5160000000002,4.575300000000004,60.440000000000005,0,4,2,0,4,0.7083333333333334,28,106.41100000000006,4
4051,373.39100000000013,-2.242779999999998,102.42999999999999,1,6,2,2,1,0.14285714285714285,24,83.79150000000003,3
4053,305.2049999999999,1.925,66.55999999999999,2,3,8,1,0,0.46153846153846156,19,79.41020000000003,1
4054,179.307,2.6941000000000006,26.02,1,1,0,0,4,1.0,13,54.32440000000004,4
4057,340.44300000000004,2.7045000000000012,46.53,1,3,4,2,1,0.38095238095238093,25,96.83920000000006,3
4058,247.338,2.2131,29.54,0,3,3,1,1,0.5333333333333333,18,71.48400000000005,2
4060,218.256,1.4735000000000003,49.410000000000004,1,2,2,1,1,0.3333333333333333,16,59.712700000000034,2
4062,246.35399999999993,2.7262400000000007,32.34,1,2,2,1,1,0.5333333333333333,18,74.81470000000004,2
4064,218.25299999999996,0.9834000000000003,104.64,2,4,6,0,0,0.7777777777777778,15,54.08580000000003,0
4075,153.137,0.6725999999999999,83.55000000000001,3,3,1,1,0,0.0,11,39.478500000000004,1
4086,211.261,1.1291999999999998,72.72,4,4,4,1,0,0.45454545454545453,15,57.870100000000036,1
4091,129.167,-1.243829999999999,91.49,3,1,0,0,0,0.5,9,37.22349999999998,0
4095,309.45300000000003,4.292000000000004,20.310000000000002,0,2,7,2,0,0.38095238095238093,23,96.72800000000007,2
4101,140.19,-1.0197999999999992,12.96,0,4,0,0,4,1.0,10,36.558,4
4107,241.24299999999994,0.5301999999999998,91.01,2,5,6,1,0,0.36363636363636365,17,60.03120000000003,1
4112,454.44700000000023,0.2684000000000003,210.53999999999996,5,10,9,3,0,0.25,33,118.26160000000006,3
4114,216.19199999999998,2.5478000000000005,52.58,0,4,1,3,0,0.08333333333333333,16,58.80800000000002,3
4120,318.393,1.0626999999999995,59.06,1,4,4,1,3,0.6111111111111112,23,83.72820000000006,4
4121,360.244,0.5982999999999998,109.57000000000001,2,5,2,1,1,0.3333333333333333,20,75.90470000000002,2
4138,211.21699999999998,0.44229999999999997,103.78,4,4,3,1,0,0.3,15,53.70380000000002,1
4139,284.40799999999996,2.498900000000001,19.14,0,3,1,1,2,0.25,20,87.68600000000005,3
4140,339.4390000000001,1.9247,68.36,3,3,4,2,2,0.45,25,99.19520000000006,4
4158,233.31100000000004,2.0853,38.33,1,3,3,1,1,0.5,17,66.84070000000004,2
4159,374.47700000000015,1.8036000000000003,94.83,3,5,2,0,4,0.7272727272727273,27,99.59540000000004,4
4160,302.45799999999997,4.269300000000004,37.3,1,2,0,0,4,0.85,22,87.33380000000005,4
4163,353.4660000000001,1.9351,57.5,2,4,4,2,2,0.47619047619047616,26,103.81550000000007,4
4168,299.802,2.0023999999999997,67.59,2,4,7,1,0,0.5,20,82.53760000000004,1
4170,365.8420000000001,2.7141200000000003,92.5,2,4,2,2,1,0.1875,24,93.89840000000002,3
4171,267.36899999999997,1.6131999999999997,50.72,2,4,9,1,0,0.6,19,76.66250000000004,1
4173,171.15599999999998,0.09201999999999982,81.19,1,5,3,1,0,0.5,12,40.704200000000014,1
4174,226.279,2.637100000000001,42.85,0,3,3,2,0,0.21428571428571427,17,65.83050000000003,2
4178,179.26299999999995,2.0294399999999997,35.25,1,2,3,1,0,0.45454545454545453,13,55.06040000000003,1
4184,264.372,3.0839000000000016,6.48,0,2,0,2,2,0.3333333333333333,20,83.27400000000006,4
4189,416.135,6.454800000000004,27.05,0,3,6,3,0,0.16666666666666666,25,102.68100000000001,3
4192,325.774,4.324220000000002,30.18,0,3,1,3,1,0.1111111111111111,23,89.05400000000003,4
4195,254.28599999999997,-0.18790000000000023,93.81,3,5,6,1,0,0.4166666666666667,18,66.56990000000002,1
4196,429.60400000000016,5.406500000000007,40.540000000000006,1,3,2,1,4,0.5517241379310345,32,129.43180000000007,5
4197,211.22400000000002,1.6169999999999998,69.53999999999999,1,3,1,2,0,0.08333333333333333,16,59.745700000000014,2
4201,209.25300000000001,0.17236999999999986,91.16000000000001,3,6,1,1,1,0.5555555555555556,15,55.74260000000002,2
4205,265.35999999999996,2.4789000000000003,19.37,0,3,0,2,2,0.35294117647058826,20,81.06900000000005,4
4211,320.04599999999994,5.929000000000001,0.0,0,0,3,2,0,0.14285714285714285,18,80.24100000000003,2
4212,444.4880000000002,-0.1392000000000001,163.18,8,10,12,2,1,0.36363636363636365,32,119.96900000000005,3
4235,268.744,1.402,41.57,1,3,4,1,1,0.46153846153846156,18,71.04420000000003,2
4236,273.35699999999997,2.01,60.16,1,2,5,2,0,0.13333333333333333,19,76.93080000000003,2
4240,521.4370000000001,4.8692000000000055,93.81000000000002,1,6,4,1,4,0.5925925925925926,35,130.2283,5
4248,586.1970000000003,8.948000000000002,70.42,2,4,12,4,1,0.3142857142857143,41,171.2495999999996,5
4253,285.343,1.1981,52.93000000000001,2,4,0,1,4,0.5294117647058824,21,77.57660000000003,5
4259,401.43800000000016,2.3705,83.8,2,6,4,2,3,0.5238095238095238,29,106.67600000000006,5
4264,500.62900000000053,2.5925000000000007,146.05,4,8,16,0,2,0.8461538461538461,35,128.6542000000001,2
4271,433.5010000000003,2.5240200000000006,94.53,1,8,9,1,2,0.5652173913043478,31,113.42830000000006,3
4272,320.341,2.7332200000000006,93.06,2,5,6,1,1,0.4117647058823529,23,82.84610000000004,2
4274,382.4620000000002,4.096200000000003,36.92,0,4,19,0,0,1.0,24,109.0140000000001,0
4409,228.291,3.370000000000002,26.3,0,2,4,2,0,0.26666666666666666,17,69.50200000000004,2
4411,309.40600000000006,0.6348,81.95,4,5,5,1,1,0.6470588235294118,22,85.12110000000003,2
4419,357.45000000000005,1.7073000000000005,73.16000000000001,3,5,2,1,5,0.7142857142857143,26,95.41440000000006,6
4421,232.23899999999998,1.42302,72.19,1,4,2,2,0,0.25,17,63.373300000000015,2
4422,339.4350000000001,2.5125000000000006,52.93000000000001,2,4,2,1,5,0.6190476190476191,25,93.93060000000006,6
4425,327.37999999999994,1.3013999999999997,70.00000000000001,2,5,2,1,4,0.5263157894736842,24,87.27060000000004,5
4428,341.407,1.5253999999999994,70.00000000000001,2,5,2,1,5,0.65,25,89.79760000000005,6
4432,428.65700000000027,7.180700000000009,43.370000000000005,0,3,9,0,4,0.8571428571428571,31,124.5830000000001,4
4436,210.28,2.3840000000000003,24.39,1,2,2,2,1,0.21428571428571427,16,67.95670000000004,3
4440,335.47300000000024,2.0688,65.2,2,3,5,2,1,0.5294117647058824,23,94.32120000000005,3
4443,317.4290000000001,3.2609000000000012,66.4,2,2,6,1,1,0.5789473684210527,23,89.99850000000006,2
4449,470.0170000000003,3.5519000000000016,55.53,0,7,10,3,1,0.44,33,132.52399999999997,4
4450,253.345,3.238000000000002,12.47,0,2,1,2,1,0.29411764705882354,19,77.01300000000005,3
4451,567.7960000000004,4.747620000000005,101.9,4,6,9,2,2,0.5625,40,160.5924999999997,4
4454,614.6500000000002,-8.895300000000017,353.10999999999996,13,19,9,0,4,1.0,42,138.35600000000014,4
4456,223.29599999999996,1.9437,29.540000000000003,0,2,2,1,0,0.4166666666666667,16,65.71900000000004,1
4463,266.30400000000003,2.6512200000000004,58.120000000000005,1,4,1,2,2,0.26666666666666666,20,76.32520000000002,4
4473,480.54100000000017,2.260700000000001,112.21,2,7,9,2,1,0.3076923076923077,35,129.2478,3
4485,346.3390000000001,2.1756,107.77,1,7,4,1,1,0.29411764705882354,25,88.40510000000003,2
4493,317.223,2.4484000000000004,92.55000000000001,1,4,2,1,1,0.3333333333333333,22,68.1951,2
4497,418.44600000000025,2.9708000000000014,117.0,1,8,8,1,1,0.42857142857142855,30,108.43610000000005,2
4499,388.42000000000013,3.2018000000000013,107.77,1,7,6,1,1,0.4,28,102.18610000000005,2
4506,281.271,2.3843000000000005,84.6,1,4,2,2,1,0.06666666666666667,21,78.67410000000001,3
4509,238.159,0.07349999999999984,118.05000000000001,1,6,3,1,1,0.125,17,53.201100000000004,2
4510,227.08499999999995,-1.0200999999999996,157.11,0,9,8,0,0,1.0,15,37.76020000000002,0
4513,331.4670000000001,1.3224999999999996,83.33,2,8,10,1,0,0.5833333333333334,21,87.80680000000004,1
4536,298.42600000000004,3.4925000000000024,37.3,1,2,0,0,4,0.75,22,85.87580000000004,4
4539,319.336,1.2683,74.57000000000001,2,5,3,2,1,0.375,23,85.88200000000005,3
4542,312.45300000000003,3.8826000000000036,37.3,1,2,1,0,4,0.7619047619047619,23,90.49280000000005,4
4543,263.38399999999996,3.826400000000003,12.03,1,1,3,2,1,0.2631578947368421,20,85.91470000000005,3
4547,452.5950000000003,5.219900000000005,78.87,2,4,10,2,1,0.48148148148148145,33,131.11900000000009,3
4568,926.107000000001,0.9357000000000051,319.60999999999996,12,17,3,0,3,0.7021276595744681,65,237.08519999999936,3
4583,361.3730000000001,1.544,75.01,1,6,2,2,2,0.4444444444444444,26,95.04130000000006,4
4585,312.44200000000006,1.7464199999999999,30.870000000000005,1,5,1,2,2,0.35294117647058826,22,92.03970000000004,4
4594,345.42400000000004,2.8997400000000013,77.10000000000001,1,5,5,3,0,0.29411764705882354,24,93.02110000000003,3
4595,293.37,3.1285200000000017,39.82,0,4,2,3,1,0.3333333333333333,22,86.02450000000005,4
4599,495.7450000000004,6.881900000000007,81.69999999999999,1,5,23,0,1,0.896551724137931,35,140.91269999999997,1
4601,269.388,3.662620000000002,12.47,0,2,6,2,0,0.3333333333333333,20,83.97000000000006,2
4603,312.4100000000001,1.2854000000000008,90.64999999999999,2,5,7,0,1,0.75,22,84.15610000000004,1
4607,400.4360000000002,0.5606199999999997,115.57,1,7,4,2,2,0.3684210526315789,28,99.02920000000005,4
4609,397.288,1.5551000000000001,122.20000000000002,2,2,0,0,1,0.75,15,49.95900000000001,1
4614,293.32199999999995,4.025800000000002,63.33,1,3,5,3,0,0.1111111111111111,22,83.33180000000003,3
4616,286.718,2.447900000000001,61.69,2,3,1,2,1,0.06666666666666667,20,78.16950000000003,3
4623,429.134,6.117800000000004,39.41,0,4,6,3,0,0.1111111111111111,26,106.47699999999999,3
4631,265.35299999999995,1.9891,50.72,2,4,9,1,0,0.4666666666666667,19,76.77450000000003,1
4634,357.494,3.3429000000000024,49.769999999999996,1,4,7,1,1,0.5909090909090909,26,103.43680000000006,2
4635,315.369,1.0482,59.0,1,5,1,1,4,0.6111111111111112,23,83.01780000000005,5
4638,332.48400000000004,4.401000000000003,57.53,2,3,0,0,4,0.8571428571428571,24,93.45260000000006,4
4639,301.342,0.7451999999999996,70.00000000000001,2,5,0,1,4,0.5882352941176471,22,78.13060000000003,5
4649,153.137,0.6726,83.55,3,3,1,1,0,0.0,11,39.4785,1
4666,853.9180000000003,3.735700000000004,221.28999999999996,4,14,10,3,4,0.44680851063829785,62,217.69009999999943,7
4673,279.03299999999996,-8.919300000000002,166.97,4,6,4,0,0,1.0,15,38.2718,0
4675,572.8750000000002,6.110500000000007,52.6,0,4,4,0,6,0.9428571428571428,41,160.7157999999997,6
4678,205.25399999999996,-1.1355999999999997,89.79,4,4,6,0,0,0.8888888888888888,14,51.58610000000003,0
4679,383.3760000000001,2.8843000000000005,86.33000000000001,1,6,7,3,0,0.25,26,90.17910000000005,3
4680,339.39100000000013,3.860000000000003,49.81,0,5,6,3,0,0.25,25,97.19900000000007,3
4689,615.6340000000002,-8.861700000000015,347.32,13,19,9,0,4,1.0,42,136.38740000000013,4
4691,329.37100000000004,3.326500000000002,39.72,1,4,4,2,2,0.3684210526315789,24,88.17770000000006,4
4695,545.7030000000003,4.447400000000004,114.99,2,5,9,2,1,0.2962962962962963,37,146.72559999999987,3
4724,291.43500000000006,3.4720000000000026,41.489999999999995,2,3,6,1,1,0.6666666666666666,21,86.90850000000005,2
4725,253.262,-1.307299999999999,130.05,4,7,5,2,0,0.5,18,64.83970000000001,2
4727,149.215,0.10670000000000035,63.31999999999999,3,3,2,0,0,0.8,9,38.676199999999994,0
4730,349.3880000000001,-0.6375999999999995,98.77000000000001,1,6,5,1,2,0.4375,24,84.96670000000005,3
4735,340.42699999999996,2.88284,118.2,4,4,10,2,0,0.2631578947368421,25,99.75720000000004,2
4736,285.431,3.882600000000003,23.47,1,2,2,1,2,0.5789473684210527,21,87.73580000000005,3
4737,226.27599999999998,1.1849999999999998,75.27000000000001,2,3,4,0,1,0.7272727272727273,16,58.477400000000024,1
4739,268.273,-0.9890000000000003,112.13000000000001,4,8,2,1,2,0.6363636363636364,19,65.78810000000001,3
4740,278.31200000000007,0.1930000000000005,78.89,0,7,5,2,0,0.5384615384615384,20,74.74700000000003,2
4745,314.49800000000005,4.271100000000003,19.03,1,2,4,2,2,0.5789473684210527,22,96.88470000000005,4
4746,277.496,5.295400000000005,12.03,1,1,4,0,3,1.0,20,86.89870000000008,3
4747,365.50200000000007,4.007780000000003,50.5,1,5,4,2,2,0.38095238095238093,26,105.02580000000003,4
4748,403.9790000000002,3.9427000000000034,29.950000000000003,1,5,6,2,2,0.42857142857142855,27,113.60580000000006,4
4756,213.244,2.6614,89.64999999999999,2,5,2,2,0,0.0,16,63.67980000000001,2
4763,232.239,0.7003999999999997,75.27000000000001,2,3,2,1,1,0.25,17,60.09240000000002,2
4768,303.83299999999997,4.194900000000003,12.47,0,2,8,2,0,0.3333333333333333,21,88.97100000000006,2
4771,149.23699999999997,1.9664000000000001,26.02,1,1,2,1,0,0.4,11,48.41240000000003,1
4775,164.20399999999998,2.0939,37.3,1,1,4,1,0,0.3,12,47.01580000000003,1
4782,167.208,0.6449999999999998,52.489999999999995,3,3,3,1,0,0.3333333333333333,12,46.99330000000003,1
4786,151.20899999999997,1.0672000000000001,46.25,2,2,2,1,0,0.3333333333333333,11,45.05120000000002,1
4810,241.682,0.8181199999999997,71.43,2,6,2,1,1,0.4444444444444444,16,62.258400000000016,2
4811,275.35200000000003,1.7739,44.81,1,4,1,1,2,0.5333333333333333,20,78.31570000000005,3
4812,450.70700000000033,9.1576,34.14,0,2,14,1,1,0.6129032258064516,33,140.89599999999993,2
4819,208.26100000000002,1.1618000000000002,44.12,0,4,3,1,1,0.6363636363636364,15,55.14200000000003,2
4828,248.32600000000002,1.9055999999999997,57.28,3,3,6,2,0,0.42857142857142855,18,72.93920000000003,2
4829,356.44700000000006,3.159600000000001,68.28999999999999,1,5,7,2,1,0.3157894736842105,25,97.87770000000003,3
4834,516.5560000000003,-1.5749999999999957,159.26,2,8,6,1,3,0.4782608695652174,36,124.71140000000004,4
4845,240.303,0.7009999999999998,85.61000000000001,4,5,4,1,0,0.5833333333333334,17,64.54010000000004,1
4865,414.4100000000002,2.4092000000000007,92.68,1,8,4,2,3,0.4090909090909091,30,103.40480000000005,5
4868,1203.499,-5.24479999999998,490.6599999999998,18,18,29,1,1,0.6964285714285714,85,316.1763,2
4870,439.8900000000001,1.6549999999999996,109.57000000000001,2,6,4,1,1,0.45454545454545453,25,88.56470000000003,2
4885,211.33399999999997,1.5821999999999998,50.94,2,4,3,1,1,0.7,14,60.63310000000002,2
4889,424.5340000000002,2.440400000000001,124.29000000000002,4,6,10,0,2,0.7391304347826086,30,111.44320000000009,2
4891,312.4130000000001,2.5349000000000013,40.620000000000005,0,2,1,1,3,0.5789473684210527,23,87.75500000000005,4
4893,383.4080000000001,1.7845999999999995,106.95000000000002,1,8,4,3,1,0.3157894736842105,28,103.87890000000002,4
4894,360.45000000000005,1.5575999999999999,94.83,3,5,2,0,4,0.7142857142857143,26,95.04840000000003,4
4895,402.48700000000014,2.1284000000000005,100.9,2,6,3,0,4,0.6956521739130435,29,104.59560000000005,4
4896,440.4290000000002,1.6745999999999999,141.36,4,6,4,0,4,0.7142857142857143,30,105.95870000000005,4
4900,358.434,1.7658,91.67000000000002,2,5,2,0,4,0.6666666666666666,26,94.04860000000002,4
4906,220.316,2.3216200000000002,41.13,2,2,5,1,0,0.46153846153846156,16,67.56440000000003,1
4908,259.353,2.782700000000001,60.17,2,4,6,2,0,0.4,19,79.66810000000004,2
4909,218.256,0.5378999999999994,58.2,2,2,2,1,1,0.3333333333333333,16,59.56340000000003,2
4911,285.365,2.1955,74.68,1,3,7,1,0,0.46153846153846156,19,72.74210000000005,1
4913,235.33100000000002,1.3403999999999998,58.36,2,3,6,1,0,0.46153846153846156,17,70.97560000000004,1
4914,236.315,1.7673999999999999,55.56,1,4,6,1,0,0.46153846153846156,17,68.92490000000004,1
4915,221.304,1.0488,53.160000000000004,3,3,5,1,0,0.4166666666666667,16,64.94360000000003,1
4917,373.9530000000001,4.580200000000004,9.72,0,4,4,2,2,0.4,25,107.57700000000004,4
4920,314.4690000000001,4.723500000000005,34.14,0,2,1,0,4,0.8095238095238095,23,90.88100000000006,4
4923,253.73700000000005,1.7897,88.78999999999999,3,1,2,1,0,0.2727272727272727,17,73.45550000000001,1
4927,284.428,4.239400000000003,6.48,0,3,3,2,1,0.29411764705882354,20,87.16200000000006,3
4932,341.451,3.2414000000000027,58.56,2,4,11,2,0,0.38095238095238093,25,100.19800000000005,2
4934,368.4970000000001,4.730800000000005,35.53,0,3,6,2,1,0.43478260869565216,27,107.08340000000007,3
4935,294.395,2.5561999999999996,64.79,1,5,9,1,0,0.5625,21,84.71090000000005,1
4943,178.27499999999998,3.6390000000000033,20.23,1,1,2,1,0,0.5,13,56.28480000000005,1
4946,259.349,2.577500000000001,41.489999999999995,2,3,6,2,0,0.375,19,78.58850000000005,2
4976,263.384,4.301900000000003,12.03,1,1,4,2,1,0.2631578947368421,20,86.81570000000005,3
4989,206.31400000000002,2.4953000000000003,15.6,0,3,2,1,1,0.36363636363636365,14,62.90200000000004,2
4991,181.21499999999997,0.5714999999999999,33.42,0,2,1,1,0,0.3333333333333333,13,47.32900000000002,1
4992,285.391,2.6584000000000003,28.6,0,4,7,2,0,0.35294117647058826,21,86.83500000000006,2
4993,248.717,2.5238000000000005,77.82,2,4,2,2,0,0.16666666666666666,17,70.68080000000002,2
4999,386.80100000000004,5.026200000000002,15.6,0,2,2,2,1,0.17647058823529413,25,94.35700000000003,3
5002,383.5170000000001,2.8560000000000016,48.3,1,6,5,2,2,0.38095238095238093,27,109.12180000000004,4
5005,438.5240000000003,2.5671,95.94000000000001,2,5,9,2,1,0.4,32,119.90150000000007,3
5029,359.4510000000002,2.989420000000001,77.10000000000001,1,5,8,3,0,0.3333333333333333,25,97.16810000000005,3
5032,165.236,1.3278999999999999,32.26,2,2,3,1,0,0.4,12,49.92350000000003,1
5035,473.59400000000016,6.075200000000007,70.0,2,6,7,4,1,0.25,34,136.25109999999995,5
5038,416.5180000000003,2.3831999999999995,95.94000000000001,2,5,9,1,2,0.6086956521739131,30,111.79750000000008,3
5039,314.41100000000006,1.4589999999999996,83.58,2,7,10,1,0,0.5384615384615384,21,84.40080000000003,1
5040,914.1870000000001,6.180600000000006,195.42999999999995,3,13,6,0,4,0.7450980392156863,65,245.13739999999908,4
5051,634.7260000000002,4.570700000000004,117.78000000000002,1,10,9,3,3,0.4857142857142857,46,170.3976999999995,6
5052,608.6880000000003,4.171100000000004,117.78000000000002,1,10,8,3,3,0.5151515151515151,44,160.68719999999962,6
5064,244.20699999999994,-3.0114999999999994,143.72000000000003,4,8,3,1,1,0.625,17,51.54930000000002,2
5070,234.20199999999997,2.7771,48.14,1,4,1,2,0,0.125,15,50.7154,2
5071,179.30699999999996,2.55,26.02,1,1,1,0,4,1.0,13,54.25440000000004,4
5073,410.49300000000017,3.5904200000000026,64.16,0,6,4,3,2,0.5217391304347826,30,112.25800000000005,5
5076,720.9620000000002,5.905200000000007,145.78,4,9,17,4,0,0.43243243243243246,50,196.89689999999945,4
5077,250.34199999999998,2.7597000000000014,32.78,0,3,4,1,0,0.5,18,72.87200000000004,1
5078,269.352,1.9118,49.74,1,4,5,3,0,0.3333333333333333,20,79.68070000000003,3
5090,314.36199999999997,2.5577000000000005,60.44,0,4,3,2,1,0.11764705882352941,22,83.76680000000003,3
5095,260.381,2.845700000000001,32.34,1,2,7,1,1,0.5625,19,79.50170000000004,2
5106,837.0580000000001,2.2096000000000067,216.89,5,17,13,0,3,0.9512195121951219,58,212.46599999999916,3
5152,415.57400000000007,4.1074000000000055,81.95,4,5,16,2,0,0.52,30,120.52610000000007,2
5155,224.216,-0.7090800000000002,84.32000000000001,2,5,2,1,1,0.4,16,56.19550000000002,2
5161,258.229,2.3096,83.83000000000001,2,4,3,2,0,0.0,19,66.46660000000001,2
5184,303.35799999999995,0.9180999999999993,62.3,1,5,4,1,3,0.5882352941176471,22,79.38280000000005,4
5193,238.28699999999998,1.3510999999999997,75.27000000000001,2,3,5,0,1,0.5833333333333334,17,63.00040000000002,1
5195,187.28599999999994,2.1826,3.24,0,1,4,1,0,0.38461538461538464,14,61.07100000000004,1
5203,306.236,5.179600000000003,12.03,1,1,2,2,1,0.29411764705882354,20,85.78170000000004,3
5206,200.05299999999997,2.4232000000000005,9.23,0,1,2,0,0,1.0,12,22.958,0
5210,279.8550000000001,4.738000000000005,3.24,0,1,5,1,1,0.6470588235294118,19,83.91100000000006,2
5212,474.5870000000004,1.6109,113.42,1,8,7,3,1,0.5,33,125.98550000000007,4
5214,360.16700000000003,-0.20280000000000065,106.88,2,4,3,2,0,0.0,18,62.81600000000002,2
5215,250.283,0.8595999999999999,97.97,2,5,3,2,0,0.0,17,63.69490000000002,2
5238,149.894,-5.992,0.0,0,0,0,0,0,0.0,2,0.0,0
5245,283.11299999999994,-0.3744000000000003,148.18,5,4,4,1,0,0.2857142857142857,17,56.97900000000003,1
5248,294.457,4.5069000000000035,63.60000000000001,1,3,14,0,0,1.0,19,78.57860000000007,0
5253,272.37,1.0895,78.42999999999999,3,4,6,1,0,0.5,18,73.00700000000003,1
5257,392.4060000000001,2.0815999999999995,100.58999999999999,3,6,3,2,2,0.47368421052631576,28,102.03940000000004,4
5267,416.5830000000003,4.852300000000005,60.44,0,5,1,0,5,0.7916666666666666,29,112.21000000000006,5
5291,493.61500000000024,4.590320000000003,86.28000000000002,2,7,7,4,1,0.2413793103448276,37,146.8938999999998,5
5297,581.5800000000003,-8.161100000000014,336.42999999999995,12,15,9,0,3,0.8571428571428571,40,132.91889999999998,3
5300,265.222,-2.890899999999998,151.92000000000002,5,8,3,0,1,0.875,18,55.856900000000024,1
5311,264.3249999999999,2.4710999999999994,78.43,3,3,8,1,0,0.42857142857142855,19,72.70290000000003,1
5314,290.404,0.2654000000000025,52.60000000000001,0,4,9,0,0,0.8571428571428571,20,76.95080000000006,0
5318,397.7579999999999,6.5180000000000025,17.82,0,3,6,3,0,0.16666666666666666,24,104.177,3
5320,214.246,0.09360000000000002,89.26,2,4,2,1,0,0.125,14,51.85690000000002,1
5329,253.28300000000002,1.3660199999999998,98.22,2,5,3,2,0,0.1,17,62.90290000000002,2
5333,172.20899999999997,-0.08379999999999999,86.18,2,3,1,1,0,0.0,11,42.2276,1
5352,356.41800000000006,4.365500000000003,54.370000000000005,1,2,4,2,1,0.15,25,97.89220000000006,3
5358,295.408,1.3212,65.2,2,3,6,2,0,0.42857142857142855,20,82.24020000000004,2
5359,260.31399999999996,3.167200000000001,54.370000000000005,1,3,4,2,0,0.14285714285714285,18,70.24430000000002,2
5372,804.0310000000002,4.639000000000004,178.35999999999999,3,12,7,0,4,0.7727272727272727,57,212.5923999999993,4
5376,371.52400000000006,5.996100000000006,12.47,0,2,8,3,0,0.23076923076923078,28,119.58200000000005,3
5379,375.40000000000015,1.9803999999999997,83.8,2,6,4,2,2,0.47368421052631576,27,99.62600000000006,4
5381,351.4710000000002,4.431500000000004,39.19,0,4,2,2,1,0.3333333333333333,25,100.98250000000004,3
5391,300.745,2.472200000000001,52.900000000000006,1,3,1,2,1,0.125,21,82.94980000000001,3
5394,194.15399999999997,-2.0781,108.17,1,7,1,2,0,0.16666666666666666,14,44.5409,2
5396,656.6620000000005,2.7529000000000012,160.83,3,14,6,3,5,0.46875,46,155.94339999999968,8
5401,387.44000000000017,1.0567999999999995,103.04,1,8,4,2,2,0.5263157894736842,28,104.82140000000004,4
5402,291.438,4.877300000000004,3.24,0,1,4,2,0,0.3333333333333333,22,96.65300000000006,2
5403,225.288,1.5192999999999999,72.72,4,4,3,1,0,0.5,16,62.48710000000004,1
5404,532.4720000000002,4.462700000000003,64.88,0,8,8,3,2,0.46153846153846156,36,139.84599999999986,5
5407,300.39799999999997,3.5899000000000028,43.370000000000005,0,3,0,0,4,0.6842105263157895,22,83.00600000000004,4
5408,288.43100000000004,3.8792000000000035,37.3,1,2,0,0,4,0.8421052631578947,21,82.71680000000005,4
5409,400.6030000000003,6.400500000000007,43.370000000000005,0,3,6,0,4,0.8461538461538461,29,115.34900000000007,4
5410,344.4950000000001,4.840100000000005,43.370000000000005,0,3,2,0,4,0.8181818181818182,25,96.88100000000006,4
5411,264.36899999999997,2.617000000000001,41.57,1,4,8,1,0,0.5333333333333333,19,78.67620000000005,1
5419,200.28499999999994,2.1082,24.39,1,2,1,1,2,0.46153846153846156,15,62.425700000000035,3
5426,258.233,0.08779999999999943,83.55000000000001,1,4,1,1,2,0.23076923076923078,19,63.113700000000016,3
5430,201.25400000000002,2.686400000000001,41.57,1,3,1,3,0,0.0,14,57.20170000000002,3
5452,370.5870000000001,5.8856000000000055,6.48,0,4,4,2,2,0.42857142857142855,25,110.68000000000005,4
5453,189.22399999999996,0.15769999999999995,9.03,0,1,3,0,3,1.0,11,49.004000000000026,3
5454,443.6380000000002,3.4707000000000017,43.86000000000001,0,5,5,2,2,0.391304347826087,30,123.51280000000006,4
5466,375.559,5.044840000000004,40.540000000000006,1,4,6,2,1,0.45,25,106.60780000000005,3
5468,260.31399999999996,3.167200000000001,54.370000000000005,1,3,4,2,0,0.14285714285714285,18,70.24430000000002,2
5470,312.453,3.882600000000004,37.3,1,2,0,0,4,0.7619047619047619,23,90.49280000000005,4
5472,263.793,3.959800000000003,3.24,0,2,2,2,1,0.2857142857142857,17,73.58900000000004,3
5478,316.4270000000001,0.5024999999999997,79.74000000000001,2,8,6,1,1,0.8461538461538461,21,82.19850000000004,2
5479,247.27599999999998,0.5344199999999997,95.1,0,6,5,1,0,0.625,16,57.94620000000002,1
5483,163.198,-0.49449999999999994,66.4,3,3,3,0,0,0.6,10,39.0935,0
5486,440.6060000000004,2.950500000000001,104.73,3,5,14,1,1,0.6818181818181818,30,118.3400000000001,2
5487,253.718,1.7157999999999998,62.2,2,6,1,2,1,0.2222222222222222,16,66.35240000000002,3
5496,467.52000000000027,-6.295800000000003,268.16999999999996,10,14,6,0,3,1.0,32,108.37100000000002,3
5503,311.40700000000015,1.77392,78.50999999999999,2,4,3,1,1,0.5,21,80.07320000000004,2
5505,270.354,1.78302,75.27000000000001,2,3,5,1,0,0.4166666666666667,18,69.80720000000004,1
5508,256.281,0.8569199999999997,62.129999999999995,0,4,4,2,0,0.2,19,68.73550000000003,2
5512,325.496,5.341420000000005,23.47,1,2,7,2,0,0.45454545454545453,24,102.72380000000007,2
5514,339.36600000000004,-0.3953999999999982,115.54,1,8,3,0,3,1.0,22,71.60420000000005,3
5515,421.45300000000015,1.8467999999999996,104.89000000000001,2,8,3,3,2,0.34782608695652173,31,113.58060000000005,5
5516,405.96900000000005,6.215000000000006,12.47,0,2,9,3,0,0.23076923076923078,29,124.62800000000003,3
5523,263.381,2.634600000000001,32.7,1,3,4,1,1,0.625,19,77.40280000000006,2
5524,215.29999999999998,1.9365,36.42,2,3,1,1,2,0.46153846153846156,16,67.01140000000002,3
5525,430.54500000000036,2.7733,95.94000000000001,2,5,9,1,2,0.625,31,116.41450000000009,3
5526,157.21300000000002,0.8361000000000001,63.32000000000001,2,2,2,0,1,0.875,11,42.1382,1
5530,133.19399999999996,1.5012,26.02,1,1,1,1,1,0.3333333333333333,10,41.77540000000002,2
5533,371.87200000000007,2.3617,45.78,0,6,5,3,1,0.3684210526315789,26,104.17400000000002,4
5538,300.44200000000006,5.602600000000005,37.3,1,1,5,0,1,0.45,22,93.76180000000005,1
5544,394.4390000000001,0.6205000000000003,115.06000000000002,4,6,2,0,4,0.7142857142857143,28,96.78720000000003,4
5546,253.26899999999995,0.8333999999999999,129.62,3,7,1,3,0,0.0,19,73.80119999999998,3
5556,343.217,4.233520000000002,43.07,0,4,1,3,1,0.11764705882352941,23,91.90100000000002,4
5564,289.54499999999996,5.144700000000002,29.46,1,2,2,2,0,0.0,17,69.65280000000001,2
5565,146.238,-1.916999999999998,76.1,4,4,7,0,0,1.0,10,43.8482,0
5566,407.5050000000001,4.945600000000004,9.72,0,4,4,2,2,0.42857142857142855,28,107.56900000000006,4
5572,301.47399999999993,4.330500000000005,23.47,1,2,5,1,2,0.7,22,91.82180000000007,3
5576,143.14199999999997,0.37360000000000004,46.61,0,3,0,0,1,0.6666666666666666,10,33.32999999999999,1
5577,388.46400000000017,2.5828000000000007,69.26,1,6,10,2,0,0.38095238095238093,28,107.75920000000008,2
5578,290.32300000000004,1.2575999999999996,105.50999999999999,2,7,5,2,0,0.2857142857142857,21,79.76080000000002,2
5582,370.43300000000016,2.1596199999999994,118.79,3,7,6,3,0,0.2631578947368421,27,105.28520000000002,3
5584,294.44199999999995,4.121000000000003,6.48,0,2,4,2,1,0.4,22,95.01600000000006,3
5591,441.54900000000015,4.374260000000003,84.86,2,6,5,2,2,0.4166666666666667,31,120.23050000000003,4
5593,284.359,2.2062,53.43000000000001,1,3,6,2,0,0.29411764705882354,21,81.59680000000004,2
5595,284.35900000000004,2.9499000000000013,45.33,1,3,2,2,2,0.47058823529411764,21,81.30920000000005,4
5596,392.519,3.7697000000000034,46.53,1,3,4,2,3,0.48,29,111.03520000000005,5
5625,456.5720000000001,2.7171000000000003,110.43,3,6,6,3,1,0.36363636363636365,32,127.87740000000002,4
5636,382.54100000000017,4.2553000000000045,94.83000000000001,3,4,15,0,1,0.8181818181818182,27,106.47140000000007,1
5645,392.58000000000015,4.477900000000006,77.76,3,3,4,0,4,0.9583333333333334,28,108.64740000000008,4
5647,324.34100000000007,-0.7975999999999979,151.14,3,9,7,2,0,0.5384615384615384,23,82.28550000000001,2
5650,435.5280000000002,4.1617000000000015,112.07000000000001,2,5,10,3,0,0.375,32,121.38650000000007,3
5651,1449.2710000000004,0.10620000000000607,530.4899999999999,19,25,13,5,7,0.42424242424242425,101,349.29170000000045,12
5656,277.40799999999996,3.035600000000002,32.7,1,3,5,1,1,0.6470588235294118,20,82.32380000000006,2
5665,129.159,0.3645000000000001,63.31999999999999,2,2,4,0,0,0.5,9,35.04219999999999,0
5672,778.9470000000002,4.753600000000004,133.87,2,11,7,3,6,0.5333333333333333,57,214.07749999999942,9
5717,575.6870000000001,5.6959200000000045,115.73000000000002,2,7,8,4,1,0.2903225806451613,41,156.90969999999973,5
5718,211.22099999999998,-0.5046000000000004,90.36999999999999,2,6,2,1,1,0.5555555555555556,15,53.13920000000002,2
5719,305.34100000000007,2.6407800000000003,74.29,0,5,3,3,0,0.17647058823529413,23,86.83900000000003,3
5721,332.3130000000001,-3.785499999999997,200.72000000000003,7,7,6,0,1,0.5833333333333334,23,76.8937,1
5726,267.245,-0.19627999999999995,133.08,2,6,3,1,1,0.6,19,64.60650000000003,2
5727,136.296,1.3765,0.0,0,0,0,0,0,0.0,3,11.706,0
5731,287.363,1.9228999999999998,57.36,2,3,5,2,1,0.4375,21,82.53240000000004,3
5732,307.39700000000005,3.2488400000000013,37.61000000000001,0,3,3,3,0,0.2631578947368421,23,92.50000000000006,3
5734,212.22999999999996,0.6163,86.19,1,4,2,2,0,0.125,14,50.820200000000014,2
5735,388.81500000000005,1.5679999999999996,91.75999999999999,0,7,2,2,2,0.35294117647058826,27,96.38050000000003,4
5746,334.33200000000005,-1.6511999999999976,146.89000000000001,3,8,3,0,4,0.5333333333333333,24,80.11050000000002,4
5771,1007.2069999999992,-3.608600000000008,399.5299999999999,12,15,17,1,2,0.6046511627906976,69,254.37529999999953,3
5775,281.359,2.8404200000000013,47.86,2,4,4,2,1,0.23529411764705882,21,86.59650000000005,3
5877,416.51400000000024,2.374400000000001,100.89999999999999,2,6,3,0,4,0.7083333333333334,30,109.14260000000004,4
5878,306.446,3.5431000000000026,46.53,1,3,0,0,4,0.9473684210526315,22,84.07580000000006,4
5939,101.11300000000003,-1.84673,114.27,4,1,0,0,0,0.0,7,27.72390000000001,0
5978,824.9720000000002,3.517500000000003,171.17000000000002,3,12,8,3,6,0.5652173913043478,60,220.56829999999945,9
6018,317.4290000000001,3.238100000000002,38.77,0,4,4,1,2,0.631578947368421,23,90.13300000000007,3
6049,292.24399999999997,-2.0711999999999957,155.68,4,6,11,0,0,0.6,20,63.423200000000016,0
6058,77.152,-0.12509999999999988,26.02,2,2,1,0,0,1.0,4,22.9074,0
6116,158.166,-2.8683999999999985,80.25999999999999,0,4,0,0,0,0.5,9,27.115999999999993,0
6238,330.4680000000001,3.838400000000003,54.370000000000005,1,3,1,0,4,0.8095238095238095,24,92.34080000000004,4
6256,296.201,-0.8039000000000005,104.55000000000001,3,6,2,1,1,0.6,20,57.944300000000005,2
6432,188.01699999999997,2.7462999999999997,0.0,0,0,0,0,0,1.0,11,17.057000000000002,0
6436,434.50400000000013,2.4188000000000005,93.06000000000002,2,6,2,0,5,0.75,31,108.59860000000006,5
6451,698.0210000000002,6.775440000000003,83.83000000000001,2,5,2,3,1,0.14285714285714285,31,131.08240000000006,4
6468,243.39399999999995,4.331900000000004,3.24,0,1,2,1,2,0.6470588235294118,18,76.62900000000006,3
6476,203.241,1.3329999999999997,37.38,0,2,1,1,1,0.3333333333333333,15,56.18800000000004,2
6503,121.136,-2.339199999999999,86.71000000000001,4,4,3,0,0,1.0,8,28.175799999999995,0
6726,266.38800000000003,3.0234000000000014,6.48,0,2,3,2,1,0.3333333333333333,20,83.79700000000005,3
7012,164.20399999999995,2.2647999999999997,37.3,1,1,3,1,0,0.3,12,47.10980000000003,1
7029,205.30100000000002,2.5996000000000006,20.310000000000002,0,2,5,1,0,0.46153846153846156,15,63.155500000000046,1
7187,242.23,2.615400000000001,52.6,0,4,2,2,0,0.0,18,63.71500000000003,2
7638,200.237,2.9712000000000027,29.46,1,2,3,2,0,0.07692307692307693,15,58.880800000000036,2
7699,603.7500000000003,2.8346000000000027,121.40000000000003,1,12,32,1,0,0.7666666666666667,42,158.55019999999968,1
8197,189.307,-2.3273999999999972,88.13,5,5,10,0,0,1.0,13,56.71790000000002,0
8230,1084.2529999999992,-5.404500000000026,463.9299999999999,14,16,19,2,2,0.4782608695652174,75,275.5220999999996,4
8612,270.76,2.4208,55.56,1,4,6,1,0,0.46153846153846156,18,73.93490000000003,1
8982,414.4830000000002,2.4837999999999996,95.94000000000001,2,5,5,2,2,0.38095238095238093,29,110.09900000000006,4
9034,262.30899999999997,1.3065999999999998,66.48,1,3,3,0,1,0.5,19,70.78670000000002,1
9354,182.222,-0.24759999999999993,74.6,4,4,3,0,0,0.5,10,40.81960000000001,0
9433,420.4340000000002,-3.1755999999999975,197.40000000000003,4,12,1,4,0,0.375,30,111.26020000000001,4
9904,274.404,3.4891000000000023,37.3,1,2,0,0,4,0.8333333333333334,20,78.09980000000004,4
10100,339.47900000000016,4.275500000000004,29.54,0,3,8,2,0,0.4090909090909091,25,102.36700000000008,2
10340,105.988,-8.439,63.19,0,3,0,0,0,0.0,6,5.396,0
10413,104.10499999999999,-0.15649999999999997,57.53,2,2,3,0,0,0.75,7,23.955599999999993,0
10547,383.23199999999997,-0.38909999999999867,35.53,0,4,8,0,0,1.0,16,66.21590000000005,0
10631,344.4950000000001,4.084400000000003,54.37,1,3,1,0,4,0.8181818181818182,25,96.88780000000006,4
10660,469.9730000000002,2.967900000000001,85.15,1,7,6,4,0,0.2916666666666667,33,130.81869999999995,4
11125,73.89,-8.439,63.19,0,3,0,0,0,0.0,6,5.396,0
11973,596.2980000000003,2.4941400000000002,192.79999999999998,6,7,10,2,0,0.2631578947368421,32,129.42460000000005,2
12453,473.8970000000002,5.079900000000006,26.71,1,4,5,2,2,0.36363636363636365,29,128.17480000000003,4
12460,191.27400000000003,2.0782,12.47,0,2,1,1,1,0.5,14,57.22700000000004,2
12536,416.51400000000024,2.3267000000000007,93.06,2,6,2,0,5,0.75,30,108.24960000000006,5
12555,309.413,3.4151000000000016,30.29,0,4,7,3,0,0.3157894736842105,23,93.94300000000005,3
12559,1018.421,8.118100000000009,231.20999999999995,6,15,23,0,3,0.9454545454545454,71,273.439799999999,3
12597,146.142,-1.4942000000000002,58.92,2,4,0,0,2,1.0,10,31.493599999999986,2
12620,326.60900000000004,7.800600000000008,20.23,1,1,20,0,0,1.0,23,105.09980000000009,0
13314,335.19000000000005,3.125600000000002,52.900000000000006,1,3,1,2,1,0.125,22,87.95980000000002,3
13342,810.9890000000001,3.990900000000004,154.1,3,12,7,3,6,0.5869565217391305,59,220.4282999999994,9
14789,233.54699999999997,-1.3591,74.6,2,2,0,0,0,0.0,7,5.810599999999999,0
14888,197.841,-1.118,85.5,0,0,0,0,0,0.0,5,13.567499999999999,0
14917,20.006,0.15250000000000002,0.0,0,0,0,0,0,0.0,1,2.503,0
15232,909.1439999999998,4.2876000000000065,197.48,6,10,15,4,4,0.375,64,247.90639999999928,8
15459,221.25599999999997,1.7906399999999996,47.56,1,3,3,1,1,0.4166666666666667,16,59.68270000000003,2
16124,176.001,-0.7007000000000001,115.06,4,2,2,0,0,1.0,9,28.955199999999994,0
16230,266.0919999999999,-0.8702000000000001,159.29,4,5,1,1,0,0.0,16,63.25509999999998,1
16362,461.55600000000015,5.8570000000000055,41.03,1,3,7,4,1,0.32142857142857145,34,131.1467,5
16533,476.5850000000002,3.636800000000003,100.90000000000002,2,6,6,0,4,0.7407407407407407,34,123.34260000000008,4
16850,332.31100000000004,3.665800000000002,75.99000000000001,2,5,0,3,2,0.05,25,88.02710000000002,5
16886,228.20799999999997,-2.1387999999999985,123.49000000000001,3,8,2,1,1,0.625,16,52.32400000000001,2
17358,146.055,3.1693999999999996,0.0,0,0,0,0,0,0.0,7,14.239000000000003,0
18140,440.4110000000002,5.182000000000006,49.77,1,3,5,1,3,0.6956521739130435,29,116.10280000000006,4
19090,342.47900000000016,4.004500000000003,54.37,1,3,1,0,4,0.7272727272727273,25,96.86380000000005,4
20585,284.34000000000003,-1.3547999999999978,92.91000000000001,2,6,2,2,0,0.5833333333333334,20,76.56090000000002,2
20969,410.9130000000001,2.9981000000000018,74.60000000000001,2,4,2,0,4,0.7272727272727273,28,103.50860000000004,4
21800,504.5950000000003,3.8175000000000026,106.97,1,7,6,0,4,0.7142857142857143,36,128.27280000000007,4
21945,319.36500000000007,-0.5187999999999979,79.36,2,6,3,1,4,0.4666666666666667,23,82.96900000000005,5
22258,299.37000000000006,1.9333,38.77,0,4,1,1,4,0.6111111111111112,22,81.55800000000005,5
22318,390.078,-9.202700000000002,80.25999999999999,0,5,3,0,0,0.5,12,25.783999999999995,0
22502,588.7270000000002,1.8035000000000023,173.76999999999998,3,8,10,2,2,0.4482758620689655,41,158.34319999999983,4
23703,436.5740000000002,2.4726,104.73,3,6,2,1,4,0.6818181818181818,30,113.98200000000008,5
23897,276.37999999999994,1.96282,45.33,1,3,3,1,2,0.6875,20,78.30820000000004,3
23925,55.845,-0.0025,0.0,0,0,0,0,0,0.0,1,0.0,0
23926,138.906,0.0,0.0,0,0,0,0,0,0.0,1,0.0,0
23951,150.36,0.0,0.0,0,0,0,0,0,0.0,1,0.0,0
23954,107.868,-0.0025,0.0,0,0,0,0,0,0.0,1,0.0,0
23957,98.0,-0.0025,0.0,0,0,0,0,0,0.0,1,0.0,0
23976,51.996,-0.0025,0.0,0,0,0,0,0,0.0,1,0.0,0
23978,63.546,-0.0025,0.0,0,0,0,0,0,0.0,1,0.0,0
23982,157.25,0.0,0.0,0,0,0,0,0,0.0,1,0.0,0
23993,88.906,-0.0025,0.0,0,0,0,0,0,0.0,1,0.0,0
23994,65.39,-0.0025,0.0,0,0,0,0,0,0.0,1,0.0,0
24087,143.094,0.9156,0.0,0,2,0,0,0,0.0,3,20.936,0
24414,233.391,-1.7187999999999997,80.25999999999999,0,4,0,0,0,0.0,6,16.2286,0
24424,161.45299999999997,-1.3404999999999996,80.25999999999999,0,4,0,0,0,0.0,6,10.4746,0
24450,174.17399999999998,-8.1846,83.42,1,3,0,0,0,0.0,7,9.8253,0
24642,239.836,0.3087,0.0,0,0,0,0,0,0.0,2,11.607,0
24706,608.8630000000003,7.495200000000011,77.76,3,4,1,1,7,0.6829268292682927,45,176.9993999999995,8
24748,240.208,-3.2878999999999983,155.51999999999998,6,7,5,0,0,0.75,16,50.48680000000003,0
24841,127.91199999999999,0.6180000000000001,0.0,0,0,0,0,0,0.0,1,15.415,0
25419,244.89100000000002,0.4306999999999997,115.06,4,2,2,0,0,1.0,11,38.52520000000001,0
25959,211.953,0.5757199999999999,142.73999999999998,0,6,0,0,0,0.0,13,29.808,0
27304,191.99999999999997,-1.3823,135.29000000000002,5,3,2,0,0,1.0,10,30.094999999999995,0
27400,295.4510000000001,4.374200000000004,3.24,0,2,0,2,2,0.3684210526315789,21,90.92200000000005,4
27661,191.13899999999998,-1.2782,91.06,1,6,2,0,2,1.0,13,37.354200000000006,2
27991,1069.2379999999994,-4.341700000000017,437.9099999999999,13,15,19,2,2,0.4782608695652174,74,272.16369999999966,4
27993,348.42000000000013,3.2135000000000016,80.67000000000002,1,4,2,1,3,0.5,24,88.21860000000005,4
28332,547.7170000000003,6.362000000000007,83.91,1,5,9,4,0,0.28125,39,156.12959999999973,4
28486,6.941,-2.996,0.0,0,0,0,0,0,0.0,1,0.0,0
29089,897.7680000000007,-3.649599999999992,454.48000000000013,18,14,19,2,0,0.47058823529411764,60,222.33859999999981,2
30623,268.27299999999997,-2.708299999999996,98.82,2,6,3,0,2,0.6363636363636364,19,63.77440000000002,2
31072,186.236,1.5606900000000001,36.16,0,5,1,1,0,0.42857142857142855,12,46.65700000000002,1
31264,132.159,1.0877999999999999,27.69,0,3,0,0,1,1.0,9,31.640999999999984,1
31378,380.4560000000001,1.8737,94.83000000000001,3,5,2,0,4,0.8095238095238095,27,95.49140000000004,4
31477,309.406,2.27486,67.79,2,5,7,1,0,0.5882352941176471,22,86.60250000000005,1
32169,320.84200000000004,2.5915200000000014,67.43,2,5,6,1,0,0.5384615384615384,20,84.02890000000004,1
32281,362.3900000000002,-1.808099999999997,150.28,4,5,6,1,2,0.5625,26,89.31650000000003,3
32603,504.97000000000014,0.506500000000001,148.79,5,8,9,0,2,0.9444444444444444,31,117.78540000000007,2
32797,410.91300000000007,3.1422000000000017,74.60000000000001,2,4,2,0,4,0.7272727272727273,28,103.57860000000005,4
32800,1143.2900000000004,-1.329399999999998,426.79999999999995,13,16,33,4,0,0.3877551020408163,78,286.7385999999999,4
34312,252.273,2.6422,63.400000000000006,1,2,0,2,1,0.06666666666666667,19,72.64090000000002,3
36339,244.294,2.669100000000001,44.12,0,4,4,2,0,0.2857142857142857,18,68.43850000000003,2
36523,1182.3110000000004,-4.387400000000027,474.6299999999999,16,15,31,4,2,0.4727272727272727,85,305.25450000000006,6
36811,301.38599999999997,2.956800000000002,72.72,4,4,7,2,0,0.3333333333333333,22,87.36810000000003,2
37392,536.8930000000001,9.066099999999995,23.47,1,2,10,3,0,0.46153846153846156,34,139.55679999999995,3
37720,602.5010000000003,-4.810599999999994,322.54999999999995,6,17,10,0,2,1.0,35,98.26500000000006,2
38904,373.26599999999996,0.6474000000000001,144.6,4,4,2,0,1,0.6666666666666666,13,41.59979999999998,1
39042,361.82500000000005,3.5545000000000018,75.63,2,3,7,2,0,0.2631578947368421,25,96.27400000000004,2
39507,370.5330000000001,4.496500000000005,54.370000000000005,1,3,2,0,4,0.75,27,105.95780000000005,4
39524,234.29499999999996,2.835500000000002,38.69,1,3,2,1,1,0.42857142857142855,17,67.06080000000004,2
39764,637.7440000000004,2.9699000000000044,55.839999999999996,0,5,4,0,6,0.9411764705882353,41,156.37039999999973,6
39860,372.54900000000015,6.264000000000007,46.53,1,3,6,1,2,0.7083333333333334,27,109.68780000000008,3
40159,391.29400000000004,6.113300000000003,35.53,0,3,6,2,1,0.2857142857142857,26,103.30400000000006,3
40632,185.226,2.1459200000000003,22.0,0,2,1,2,0,0.08333333333333333,14,56.77600000000003,2
40703,591.4250000000002,2.2963000000000013,36.92,0,4,10,1,4,0.7692307692307693,33,130.16840000000008,5
40973,310.48100000000005,4.869700000000004,20.23,1,1,1,0,4,0.7272727272727273,23,94.62580000000004,4
40976,324.46400000000006,4.048700000000003,37.3,1,2,1,0,4,0.6818181818181818,24,95.01580000000004,4
41317,326.4360000000001,5.167060000000005,46.53,1,2,6,1,0,0.2857142857142857,24,100.52880000000005,1
41684,307.28700000000003,2.2289000000000003,111.43,1,7,4,2,0,0.08333333333333333,21,74.47260000000001,2
41693,386.5610000000001,4.214800000000004,32.78,0,4,8,2,1,0.5,27,112.52300000000007,3
41744,723.6500000000005,2.462200000000001,215.21999999999997,5,13,10,2,3,0.5,51,165.1628999999997,5
41774,645.6080000000004,-8.5645,321.17,14,19,9,0,4,0.92,44,137.73510000000005,4
41781,348.42800000000005,2.5299200000000006,100.19,3,5,5,2,0,0.25,24,92.68790000000004,2
42113,168.03599999999997,2.0835,9.23,0,1,2,0,0,1.0,10,18.040000000000003,0
42395,446.5840000000003,3.5227000000000026,100.90000000000002,2,6,6,0,4,0.8076923076923077,32,118.54060000000008,4
42615,1239.4470000000006,-1.669100000000012,440.76999999999987,15,15,32,4,2,0.5333333333333333,89,326.36010000000033,6
42955,382.54100000000017,3.9536000000000047,83.83000000000001,2,5,13,0,1,0.8181818181818182,27,106.23460000000007,1
44563,432.77300000000025,-2.081319999999999,243.29999999999995,8,9,5,1,0,0.26666666666666666,29,96.87380000000002,1
44564,311.63700000000006,0.25787999999999983,156.58999999999997,4,5,2,1,0,0.0,21,68.69800000000001,1
45469,307.90100000000007,-11.182450000000001,158.32,0,6,0,0,0,0.0,17,31.566,0
47319,929.1609999999998,8.06550000000001,126.44000000000003,0,12,24,4,2,0.5094339622641509,67,255.3217999999991,6
47320,1243.501,9.246900000000004,240.84,0,18,26,6,2,0.4153846153846154,87,324.13220000000075,8
47419,510.4810000000003,-0.168299999999998,189.06,2,12,9,1,2,0.4,35,117.1581,3
47471,474.797,6.289300000000005,81.19,1,5,7,3,0,0.21052631578947367,29,116.88790000000003,3
47528,211.17699999999994,0.019699999999999884,94.36,1,5,5,1,0,0.25,15,49.51660000000001,1
47640,323.867,5.406800000000005,3.24,0,1,5,3,0,0.14285714285714285,23,103.00600000000004,3
47725,1269.4330000000004,-3.1057000000000246,495.8899999999999,17,16,31,4,2,0.5084745762711864,91,328.5382000000003,6
50294,371.34500000000014,2.4767,126.81000000000002,2,6,5,3,0,0.2631578947368421,27,97.83760000000005,3
50614,575.6320000000002,-1.3974999999999989,219.92999999999995,4,14,9,1,3,0.4117647058823529,36,127.98470000000005,4
51263,416.5260000000002,1.3839000000000006,85.49000000000001,0,8,9,2,1,0.6190476190476191,30,114.45600000000006,3
51577,207.226,-3.2620999999999976,104.39000000000001,5,6,3,0,1,1.0,14,47.55300000000002,1
51634,219.28099999999998,-1.4542999999999995,84.16000000000001,4,5,4,0,1,1.0,15,55.37520000000005,1
52421,488.57700000000034,3.6993000000000027,116.2,1,8,6,0,4,0.7037037037037037,35,125.10080000000006,4
54158,387.23,1.7840599999999998,106.94000000000001,3,4,7,1,0,0.4,23,88.69430000000004,1
54313,360.4940000000001,3.5413000000000032,77.76,3,3,8,0,2,0.6818181818181818,26,102.27540000000006,2
54331,259.19499999999994,-3.7790999999999966,161.22,5,6,4,0,1,1.0,16,51.03680000000002,1
54373,1139.3649999999993,-0.6236000000000077,406.82,15,16,17,4,1,0.4528301886792453,79,298.67340000000013,5
54454,418.5740000000003,4.585600000000006,72.83000000000001,1,5,6,0,3,0.76,30,115.45480000000008,3
54547,427.4640000000001,-0.5391999999999988,156.44,3,10,7,1,2,0.4,28,101.63290000000003,3
54688,747.9640000000002,2.439700000000005,182.91,4,14,8,0,3,0.9473684210526315,52,191.04819999999938,3
54786,390.5200000000001,3.5832000000000024,86.99000000000001,3,4,10,1,2,0.6956521739130435,28,107.45740000000009,3
54808,466.9580000000002,3.9165000000000028,99.13000000000001,1,7,4,0,4,0.7083333333333334,32,115.65580000000004,4
54840,291.82199999999995,4.146420000000004,21.259999999999998,1,2,6,2,0,0.29411764705882354,20,86.78170000000004,2
54949,563.5640000000004,-0.5459799999999992,252.82999999999996,8,14,11,3,0,0.36,40,144.2515,3
55331,470.5220000000002,2.1057999999999995,125.40000000000002,3,6,10,2,1,0.4,34,124.00830000000006,3
55466,938.005,-13.405300000000006,431.07,14,23,28,0,0,0.8214285714285714,54,169.69199999999975,0
55480,282.81500000000005,-1.9413999999999947,47.95,1,1,5,1,1,0.5333333333333333,19,71.91010000000004,2
56338,406.242,-5.7071999999999985,121.83000000000001,1,6,5,2,1,0.125,27,82.60020000000003,3
56959,427.54500000000013,2.3080400000000005,74.27000000000001,2,6,9,2,1,0.4583333333333333,31,121.92150000000004,3
57166,1179.3849999999993,14.30407999999998,313.60999999999996,10,11,18,6,4,0.35294117647058826,87,337.5646000000008,10
57469,240.31,2.8227,56.730000000000004,1,4,2,3,0,0.2857142857142857,18,74.28440000000002,3
57537,315.48199999999997,4.265700000000004,23.47,1,3,6,2,1,0.47368421052631576,22,93.80680000000007,3
57697,228.21500000000003,0.1830199999999998,88.83,1,6,1,3,0,0.1,17,59.3707,3
59708,170.212,-0.12729999999999997,63.400000000000006,1,2,3,0,1,0.75,12,44.22040000000001,1
59768,295.379,1.5298999999999998,67.79,2,5,9,1,0,0.5625,21,81.41950000000004,1
60146,444.98100000000005,2.7627,99.88,2,6,11,2,0,0.4,29,115.88990000000004,2
60164,412.5290000000003,6.681400000000005,46.53,1,2,4,3,4,0.39285714285714285,31,122.74530000000009,7
60172,273.18899999999996,-0.43970000000000015,136.38000000000002,3,7,5,2,0,0.375,18,62.598500000000016,2
60183,441.6130000000003,2.6842000000000015,121.96000000000001,3,6,8,0,2,0.8695652173913043,31,120.49990000000008,2
60184,368.47400000000016,1.9405999999999999,95.94000000000001,2,5,8,0,2,0.8421052631578947,26,96.55950000000007,2
60198,296.40999999999997,4.029500000000003,34.14,0,2,0,0,4,0.6,22,86.14600000000003,4
60490,236.29599999999996,2.7321999999999997,66.56,2,3,2,2,0,0.18181818181818182,16,63.448900000000016,2
60496,567.0600000000005,3.199600000000001,154.24999999999997,3,9,9,2,1,0.3076923076923077,38,141.8336999999999,3
60612,200.285,3.1783400000000013,28.68,1,1,2,2,0,0.3076923076923077,15,62.02070000000003,2
60613,279.18899999999996,-1.6617999999999997,147.9,4,7,6,1,0,0.5,18,61.77930000000003,1
60668,668.5410000000006,1.1044999999999996,207.35999999999996,4,14,7,2,5,0.5517241379310345,46,149.3526999999999,7
60695,609.6900000000004,1.4115000000000046,59.0,1,5,5,0,6,0.90625,39,148.31419999999986,6
60706,437.51500000000027,-2.7820999999999962,204.68,3,6,5,0,3,0.7058823529411765,29,106.95270000000004,3
60714,558.6900000000002,-6.161500000000002,153.57999999999998,1,11,8,0,1,0.8235294117647058,29,92.46180000000004,1
60726,334.1690000000001,2.8894,80.39,2,3,4,2,0,0.06666666666666667,20,79.76870000000004,2
60751,680.7640000000002,9.760799999999994,138.28,6,6,4,7,2,0.045454545454545456,52,205.74059999999966,9
60752,885.2440000000004,8.039800000000008,213.87999999999994,6,10,30,2,0,0.6363636363636364,60,244.36219999999923,2
60754,591.6760000000004,-8.190600000000014,219.81,2,11,16,0,0,0.6875,31,96.08820000000004,0
60787,670.8550000000001,3.0924000000000027,166.74999999999997,5,7,12,3,2,0.5,49,188.21379999999954,5
60795,448.3940000000001,4.859300000000005,44.81,1,4,7,2,2,0.43478260869565216,30,123.23670000000003,4
60814,412.91400000000016,2.422100000000001,76.15000000000002,0,6,7,1,1,0.55,28,108.52100000000006,2
60830,472.42600000000004,-0.6502999999999988,59.06,1,6,4,2,3,0.5263157894736842,27,99.09620000000007,5
60834,333.88399999999996,5.052700000000004,21.259999999999998,1,3,6,3,0,0.2222222222222222,22,97.42770000000004,3
60843,427.4170000000002,0.6664,191.25999999999996,6,6,9,3,0,0.25,31,110.73660000000005,3
60852,319.23100000000005,0.4999999999999996,138.53,5,4,9,0,0,1.0,19,70.67700000000002,0
60853,467.4220000000002,3.4061000000000026,79.97,1,5,4,3,2,0.3333333333333333,30,126.62450000000003,5
60860,275.093,1.0646000000000002,64.39999999999999,2,1,2,1,0,0.125,12,58.6728,1
60864,373.88000000000005,4.011300000000004,49.769999999999996,1,3,5,2,1,0.2857142857142857,26,106.05380000000007,3
60867,280.29100000000005,1.3617599999999999,113.42999999999998,2,6,3,1,1,0.21428571428571427,21,77.18640000000002,2
60871,501.47700000000026,2.7025000000000006,166.97999999999996,1,13,11,2,0,0.65,34,121.15890000000006,2
60877,247.25099999999998,-0.45500000000000024,90.36999999999999,2,7,2,1,1,0.5,16,56.321200000000005,2
60878,520.6290000000002,4.248400000000002,146.79,3,7,10,3,0,0.2916666666666667,35,134.4507,3
60936,362.57500000000005,-5.184899999999998,120.72000000000001,2,5,4,1,0,0.14285714285714285,19,60.74760000000003,1
60953,359.35400000000004,0.7602,122.91000000000001,3,8,6,1,1,0.6666666666666666,25,84.54830000000003,2
61475,248.186,-11.121999999999996,220.69,0,4,0,0,0,0.0,12,35.13120000000001,0
61799,130.099,-0.19980000000000003,63.60000000000001,1,3,2,0,0,0.2,9,28.79179999999999,0
62305,520.5640000000002,-4.925199999999995,192.94000000000003,2,9,2,1,3,0.4090909090909091,34,112.15820000000005,4
62358,107.109,-1.5067,96.86,2,3,1,0,0,0.6666666666666666,7,22.672600000000006,0
62816,281.832,-1.7033999999999958,100.66,5,6,11,0,1,1.0,18,77.17790000000004,1
62819,980.1809999999995,-3.4933000000000045,376.66999999999996,12,15,15,1,2,0.6190476190476191,67,247.62769999999952,3
62924,444.5150000000001,3.4691000000000027,74.60000000000001,2,5,2,0,4,0.7272727272727273,30,106.70360000000007,4
62956,435.50100000000015,4.161700000000003,94.91000000000001,2,3,9,1,2,0.6521739130434783,30,116.75810000000008,3
62959,416.3590000000001,1.894499999999999,101.45,2,6,3,3,2,0.25,30,101.34170000000005,5
62965,464.98600000000016,3.125900000000002,100.90000000000002,2,6,4,0,4,0.72,32,118.85360000000007,4
63001,396.44300000000015,2.0946,106.94000000000001,3,4,8,2,1,0.3181818181818182,29,107.86230000000009,3
64147,354.3670000000001,-1.4366999999999983,171.37000000000003,4,10,8,2,0,0.5714285714285714,25,88.29230000000001,2
64778,383.47000000000014,0.039600000000001634,110.18,3,6,5,0,3,0.7058823529411765,26,95.86130000000004,3
64929,318.756,3.8130000000000024,63.6,1,3,5,2,0,0.17647058823529413,22,83.66930000000005,2
64987,287.21599999999995,-0.051200000000000134,136.38000000000002,3,7,5,2,0,0.4444444444444444,19,67.19350000000001,2
65014,794.4840000000006,3.790200000000007,78.66,6,8,4,1,2,0.7857142857142857,44,210.66619999999958,3
65157,456.71100000000035,7.960900000000009,43.370000000000005,0,3,10,0,4,0.8666666666666667,33,133.81700000000004,4
65281,1422.72,-1.6776000000000095,530.8699999999999,17,19,31,2,2,0.6363636363636364,100,369.30420000000095,4
65370,563.6050000000004,-1.4447999999999928,336.83,11,11,13,1,0,0.5217391304347826,39,139.70480000000006,1
65628,358.2690000000001,3.2646000000000015,58.36,1,4,9,2,0,0.5,23,94.94080000000007,2
65840,174.63099999999997,1.3421199999999998,41.21,1,2,1,1,1,0.5714285714285714,11,43.78470000000002,2
65856,313.39699999999993,3.1938000000000013,39.72,1,4,6,2,1,0.3684210526315789,23,90.03170000000006,3
65863,437.779,7.016100000000004,27.05,0,4,6,4,0,0.15,27,113.05399999999999,4
65866,611.7390000000001,6.478400000000009,111.01,1,8,12,3,1,0.3333333333333333,45,173.40109999999947,4
65999,514.6290000000002,7.2644200000000065,72.94,1,5,7,6,0,0.18181818181818182,39,156.11229999999972,6
68613,994.2079999999993,-3.0446000000000075,365.66999999999996,11,15,18,1,2,0.627906976744186,68,252.60689999999946,3
68740,272.09,-1.1154000000000002,153.10999999999999,5,5,4,1,0,0.4,16,51.26500000000002,1
68844,383.5170000000002,0.08690000000000064,118.80000000000001,2,7,7,1,1,0.6666666666666666,23,87.36170000000004,2
69512,366.75300000000004,0.22450000000000025,110.68,4,6,3,3,0,0.11764705882352941,25,85.82020000000004,3
71158,181.213,-0.5995999999999997,83.47,2,3,4,0,0,0.8,11,39.71630000000001,0
71273,274.408,3.506440000000002,32.34,1,2,4,1,1,0.5882352941176471,20,84.04870000000005,2
71301,405.4410000000001,2.363600000000001,70.95,3,5,6,2,2,0.45454545454545453,29,103.15730000000006,4
71316,1029.2779999999996,9.029000000000003,144.9,0,14,28,4,2,0.5172413793103449,74,282.1827999999997,6
71329,441.5750000000001,1.9828999999999997,104.81,2,6,11,2,0,0.3684210526315789,29,116.51300000000005,2
71348,1156.399,0.9125000000000085,392.37999999999994,14,15,17,5,1,0.4107142857142857,81,309.80020000000025,6
71360,426.4880000000001,4.826600000000004,64.8,0,6,8,3,1,0.4166666666666667,31,115.49250000000005,4
71362,1364.6000000000006,-4.932100000000022,561.02,16,18,30,2,5,0.6065573770491803,96,350.83550000000054,7
71406,574.8430000000003,8.355760000000005,82.06,1,6,18,1,1,0.7714285714285715,41,165.63979999999964,2
71436,475.6230000000002,0.7037000000000009,184.70000000000002,8,8,15,0,1,0.7916666666666666,33,126.31900000000006,1
71469,1092.2330000000006,-3.8832999999999984,411.5100000000001,14,25,15,0,4,0.9387755102040817,75,257.6401999999992,4
71616,349.31600000000003,2.1769000000000003,76.72,1,6,5,3,0,0.25,25,80.68180000000002,3
72022,340.42,1.4621,106.94000000000001,3,4,7,0,2,0.8235294117647058,24,87.56230000000006,2
72054,426.56000000000034,3.9575000000000022,55.56,1,3,7,3,2,0.32142857142857145,32,126.75040000000006,5
72081,1227.395,-6.980500000000015,512.8499999999998,16,19,25,2,2,0.5,85,307.54580000000004,4
72111,785.8909999999998,6.157840000000006,198.37999999999997,5,13,2,4,2,0.4418604651162791,57,213.14339999999945,6
72466,1512.6470000000006,-8.698980000000022,704.5000000000001,21,34,35,4,2,0.6181818181818182,101,351.1033000000004,6
72938,389.3870000000001,0.9659999999999995,123.04,2,8,5,2,2,0.4444444444444444,28,100.39270000000005,4
73303,420.51300000000015,-1.6030999999999955,162.05999999999997,5,7,7,0,3,0.7333333333333333,27,98.52720000000005,3
73658,812.0179999999997,4.929200000000005,171.84999999999997,1,14,11,2,3,0.7209302325581395,58,214.2507999999992,5
74989,366.8440000000001,5.348500000000005,54.370000000000005,1,3,2,2,2,0.2727272727272727,26,101.47930000000008,4
77992,243.31,1.3435,70.91,3,2,2,2,1,0.35714285714285715,18,71.68930000000002,3
77993,382.52900000000005,3.8210000000000024,53.17,1,3,6,3,1,0.36363636363636365,27,109.85350000000003,4
77996,416.6460000000002,5.560600000000008,60.69,3,3,5,0,3,0.7777777777777778,30,123.96840000000007,3
77997,391.4750000000001,3.2966000000000015,87.04,2,5,6,4,0,0.22727272727272727,29,113.08200000000005,4
77998,473.5070000000001,2.2027,146.13,3,8,9,2,1,0.22727272727272727,33,122.47730000000007,3
78032,444.59700000000015,3.3732000000000024,81.08000000000001,2,7,7,2,1,0.4166666666666667,31,125.10660000000009,3
82146,348.4860000000002,6.103720000000006,37.3,1,1,3,2,1,0.375,26,108.00230000000006,3
82148,243.30599999999998,2.527000000000001,38.33,1,2,4,2,0,0.26666666666666666,18,72.88770000000005,2
83030,339.35900000000004,-0.21020000000000044,117.97000000000001,2,5,8,0,0,0.6666666666666666,15,48.08560000000001,0
83513,139.344,-0.15580000000000002,0.0,0,0,0,0,0,0.0,1,7.978,0
83606,89.63600000000001,-0.15580000000000002,0.0,0,0,0,0,0,0.0,1,7.978,0
84003,376.40900000000016,-0.04820000000000002,146.01,5,7,6,2,1,0.3684210526315789,27,97.47610000000005,3
91488,412.4290000000001,0.5685,115.06000000000002,4,6,2,0,4,0.7142857142857143,29,97.06620000000004,4
93860,384.2450000000001,0.36059999999999875,124.44000000000001,4,6,9,2,0,0.3684210526315789,28,105.00950000000003,2
96312,297.2710000000001,-1.9713999999999987,148.77,4,10,3,2,1,0.5454545454545454,21,69.2968,3
102258,550.3700000000003,-4.541199999999995,264.85999999999996,7,15,8,2,2,0.5555555555555556,37,116.22190000000005,4
102399,504.4380000000001,-7.730399999999989,276.52,11,16,11,0,2,0.9444444444444444,34,102.44380000000001,2
104741,606.7820000000008,8.682600000000004,57.53,2,3,14,1,3,0.8125,41,152.65199999999976,4
104758,458.4960000000002,1.9772199999999995,152.69,4,7,9,3,0,0.2857142857142857,32,119.28650000000009,3
104778,423.4220000000002,-0.000900000000000456,219.58999999999997,9,9,7,2,0,0.2631578947368421,30,105.92630000000005,2
104799,315.6940000000001,2.5303000000000004,97.3,1,6,9,0,0,0.8888888888888888,19,72.07320000000003,0
104849,500.2569999999999,6.360420000000005,50.160000000000004,1,4,4,3,1,0.2727272727272727,31,128.9052,4
104865,551.6250000000002,4.203900000000003,145.65,2,10,10,4,0,0.25925925925925924,39,144.65729999999985,4
105145,69.723,-0.3808,0.0,0,0,0,0,0,0.0,1,5.754,0
107694,713.3550000000001,8.220200000000007,100.9,2,6,2,1,8,0.6590909090909091,51,195.4595999999994,9
107969,343.939,3.626100000000002,66.48,3,3,12,1,0,0.6842105263157895,23,100.18100000000005,1
107994,410.4700000000002,2.0885999999999996,106.94000000000001,3,4,8,2,1,0.34782608695652173,30,110.90430000000006,3
110634,488.61400000000043,2.0704199999999995,112.89999999999999,1,8,8,3,1,0.5217391304347826,34,129.81750000000005,4
110635,389.4110000000001,2.2113000000000005,74.87,1,4,1,3,3,0.2727272727272727,29,104.68170000000003,6
114709,254.289,2.4929,66.56,2,2,0,2,1,0.13333333333333333,19,73.27020000000002,3
115237,426.4920000000002,3.0813200000000016,84.39,1,7,4,3,2,0.5217391304347826,31,113.51380000000005,5
115355,329.23,2.7346000000000013,94.35,0,5,3,1,1,0.35714285714285715,23,69.7839,2
119182,303.68100000000004,-0.3494000000000003,119.31,3,8,2,2,1,0.5,20,66.64400000000002,3
119212,465.5720000000001,1.3694000000000006,144.82999999999998,5,6,12,1,1,0.5454545454545454,32,121.20770000000005,2
119607,314.3660000000001,2.9644200000000005,86.19,1,4,3,3,0,0.0625,22,83.48520000000003,3
119828,370.43000000000006,3.531920000000002,89.27,1,5,5,3,0,0.15789473684210525,26,97.73150000000001,3
119830,519.4480000000003,3.0356000000000014,185.43999999999997,1,15,13,2,0,0.631578947368421,35,120.06390000000005,2
121396,190.155,-1.0272999999999997,129.72,4,3,5,0,0,0.5,13,41.01269999999999,0
121749,431.151,3.450200000000001,98.46,2,7,6,1,1,0.42857142857142855,25,103.94680000000001,2
121892,303.337,3.588400000000001,76.38,3,4,5,2,0,0.1875,22,85.22580000000002,2
122197,431.28899999999993,3.7603000000000026,29.54,0,3,5,1,2,0.6111111111111112,23,96.13100000000006,3
122316,171.243,1.8967,12.03,1,1,2,1,1,0.3333333333333333,13,54.33970000000003,2
123015,238.29000000000002,3.1242400000000004,44.89,2,1,1,2,1,0.13333333333333333,18,73.20940000000002,3
123597,500.55400000000014,4.427400000000007,96.22000000000001,3,6,12,1,1,0.5769230769230769,35,124.53240000000007,2
123606,335.4730000000002,2.1976000000000004,56.410000000000004,1,3,6,2,1,0.5294117647058824,23,93.98750000000005,3
123610,831.9789999999996,-2.0543999999999984,326.38999999999993,10,11,10,2,2,0.5142857142857142,57,212.97819999999967,4
123611,1728.0930000000014,-49.120300000000086,833.7800000000002,9,49,30,0,5,0.9354838709677419,101,241.8114999999997,5
123619,358.8500000000001,4.175920000000003,59.92,0,4,3,3,0,0.1111111111111111,24,95.76080000000002,3
123620,427.3680000000001,3.411500000000002,74.60000000000001,2,4,2,0,4,0.7272727272727273,28,108.32360000000004,4
123623,1213.4350000000004,-3.130100000000012,486.63,18,20,23,1,3,0.7321428571428571,85,306.80799999999965,4
123631,446.91000000000037,4.2756000000000025,68.74000000000001,1,7,8,3,1,0.36363636363636365,31,118.15370000000004,4
123634,901.238,10.25249999999999,144.52,5,8,1,2,10,0.6896551724137931,66,254.27399999999912,12
123809,454.4360000000002,-1.703999999999999,251.84999999999997,11,11,8,2,0,0.2631578947368421,32,110.56680000000003,2
124087,310.828,4.018900000000003,24.92,1,2,0,2,2,0.3157894736842105,22,91.22270000000003,4
125017,263.3809999999999,2.732600000000002,43.7,2,3,4,1,1,0.625,19,77.43660000000004,2
125889,159.22899999999998,1.0821,63.31999999999999,2,2,5,0,0,0.875,11,44.2522,0
127909,415.5740000000001,3.1469000000000027,89.79,4,4,12,1,1,0.56,30,119.81210000000006,2
128549,402.49100000000016,2.2947999999999995,106.94000000000001,3,4,8,1,2,0.5909090909090909,29,107.41730000000008,3
129228,238.19699999999997,0.7035,73.8,1,4,3,2,0,0.1,17,53.999900000000004,2
129806,481.54600000000016,2.401700000000001,140.92,3,7,10,2,0,0.4090909090909091,33,122.67920000000005,2
130564,713.1370000000001,4.676880000000004,150.82000000000002,0,10,10,6,0,0.29411764705882354,49,189.73479999999952,6
130881,558.5950000000004,4.170020000000004,162.16,2,11,10,5,0,0.3103448275862069,41,146.71899999999985,5
131535,623.6780000000002,0.8750000000000029,183.38000000000002,2,10,13,2,1,0.48,40,145.4593999999999,3
132804,421.4680000000001,4.518100000000005,90.65,3,4,8,3,1,0.28,31,117.02940000000005,4
132971,349.51800000000003,5.398600000000006,33.120000000000005,1,2,1,1,4,0.625,26,105.30680000000005,5
132999,468.59400000000034,3.3100000000000014,60.47000000000001,0,6,10,2,2,0.5185185185185185,34,131.639,4
134018,316.38200000000006,3.723200000000003,83.21,1,5,5,2,0,0.3125,22,84.29430000000005,2
134019,325.37200000000007,0.5982000000000007,123.13,4,7,6,2,1,0.23529411764705882,24,92.63220000000001,3
134780,273.248,-0.33000000000000046,109.57000000000001,2,5,1,1,2,0.23076923076923078,20,67.5261,3
135113,192.25799999999995,3.101300000000002,18.46,0,2,0,1,1,0.5,14,55.86000000000004,2
145068,30.006,-0.44710000000000005,39.370000000000005,0,1,0,0,0,0.0,2,5.5009999999999994,0
147740,662.9110000000003,7.9185000000000105,83.83000000000001,2,5,0,1,10,0.7272727272727273,49,185.99959999999936,11
147912,700.7910000000003,4.5732000000000035,115.70000000000002,1,12,12,5,2,0.40540540540540543,51,187.31279999999947,7
148121,477.4810000000003,0.9815999999999996,207.29999999999995,5,9,10,3,0,0.2608695652173913,35,126.04960000000005,3
148127,378.8990000000002,5.645700000000006,29.46,1,2,8,3,0,0.16666666666666666,27,113.15980000000005,3
148191,1030.3029999999999,5.722400000000007,241.95999999999992,4,16,10,0,4,0.75,73,271.2891999999994,4
148192,704.8690000000001,4.2116000000000025,171.22,5,9,14,3,0,0.4473684210526316,51,193.87659999999948,3
148211,296.41400000000004,2.656500000000001,23.550000000000004,0,2,1,1,5,0.631578947368421,22,86.10950000000005,6
150310,414.4980000000003,3.124500000000002,82.2,0,6,1,0,6,0.7916666666666666,30,105.15300000000008,6
150311,409.4320000000001,4.8883000000000045,60.77000000000001,2,3,6,3,1,0.20833333333333334,30,108.81760000000003,4
150610,475.5230000000002,0.9406999999999996,156.26999999999998,5,7,7,1,3,0.45454545454545453,33,119.44830000000007,4
151075,254.28899999999996,1.5275999999999996,86.18,2,3,4,2,0,0.06666666666666667,19,73.62730000000002,2
151165,534.4320000000002,4.952100000000002,83.24000000000001,2,5,6,3,1,0.391304347826087,37,114.44540000000002,4
151171,498.5860000000002,6.507320000000005,78.09,2,3,4,5,1,0.09375,38,150.41439999999972,6
152945,528.5370000000001,6.576100000000006,58.2,2,2,2,1,4,0.6296296296296297,37,124.02240000000008,5
153941,277.284,-0.8278000000000001,130.05,4,7,2,2,1,0.4166666666666667,20,71.93769999999999,3
153994,456.3220000000001,4.245200000000003,90.92999999999999,1,7,7,1,1,0.38095238095238093,30,111.71370000000003,2
154058,398.934,4.286700000000005,32.78,0,3,2,2,4,0.43478260869565216,28,111.81800000000004,6
154256,530.6650000000005,6.421920000000007,95.16000000000001,3,6,7,4,1,0.34375,39,154.69739999999976,5
156326,285.774,4.258500000000003,12.47,0,2,0,2,2,0.29411764705882354,20,80.94700000000005,4
156418,393.87999999999994,6.563800000000004,12.03,1,1,6,3,0,0.2727272727272727,27,107.37870000000004,3
157429,547.5750000000003,-9.133100000000011,210.36999999999998,0,13,16,0,0,0.6428571428571429,28,76.57900000000002,0
157688,816.9430000000001,5.078700000000005,133.87,2,11,7,3,6,0.5777777777777777,59,214.4314999999994,9
157920,390.4670000000001,4.309900000000004,83.83000000000001,2,4,11,0,2,0.9,27,95.47060000000005,2
157921,181.619,-0.11080000000000007,69.39,1,4,4,0,0,0.6666666666666666,11,42.55940000000001,0
158781,446.5110000000002,3.6566000000000014,129.81,3,7,8,4,0,0.2916666666666667,33,122.57780000000005,4
158786,513.5250000000003,1.3888000000000014,170.74999999999997,4,9,20,0,0,0.85,34,123.78740000000006,0
159247,186.082,1.1768999999999998,38.55,1,2,2,0,1,0.6666666666666666,10,46.959400000000024,1
160036,757.3280000000004,-14.917759999999989,303.48,0,18,17,2,0,0.45454545454545453,46,125.53500000000004,2
160051,618.2630000000005,4.112200000000007,62.61,3,4,22,0,1,0.8064516129032258,39,177.0701999999996,1
160352,496.50600000000026,-0.7903799999999988,223.45000000000002,4,13,5,2,2,0.5555555555555556,34,120.96970000000002,4
163296,646.6390000000001,0.7291000000000019,110.49000000000001,0,6,11,3,1,0.3548387096774194,44,149.05479999999974,4
166548,1140.2540000000001,-0.9270999999999889,377.4200000000001,14,17,14,4,3,0.46551724137931033,82,293.38519999999977,7
168625,184.21599999999998,1.5763000000000003,54.370000000000005,1,2,2,1,0,0.0,12,46.34760000000002,1
168924,457.83599999999996,-7.341000000000001,189.57,0,9,0,0,0,0.0,14,16.188,0
170361,211.26799999999997,1.8038999999999998,37.81,1,3,0,2,2,0.38461538461538464,16,62.50670000000003,4
171558,563.8370000000002,-1.2214999999999994,277.65000000000003,7,10,2,2,1,0.07692307692307693,33,124.89149999999998,3
176870,393.4430000000002,3.405100000000002,74.73,1,7,10,3,0,0.2727272727272727,29,111.93970000000004,3
179344,296.3260000000001,3.0637000000000008,72.63,1,3,1,2,1,0.17647058823529413,22,82.81740000000003,3
185457,367.3830000000001,-1.0067999999999984,141.67,4,6,9,1,0,0.26666666666666666,25,89.89540000000005,1
192155,606.1560000000004,3.195200000000002,153.39,5,9,6,1,4,0.59375,42,158.83689999999982,5
193962,435.28500000000014,4.717400000000003,120.63999999999999,2,7,4,3,0,0.1,28,109.2891,3
197281,1058.1559999999995,-14.264299999999979,445.9599999999999,12,26,32,1,0,0.6944444444444444,63,201.67739999999952,1
197712,378.4280000000001,3.515640000000003,81.54,1,5,7,3,0,0.22727272727272727,28,104.23080000000003,3
206527,407.4880000000003,2.6914000000000007,94.09000000000002,2,6,4,2,2,0.4,28,105.69230000000006,4
208898,556.7690000000003,7.0490000000000075,88.85,1,6,18,3,0,0.5161290322580645,39,159.53499999999966,3
208902,259.349,2.5676000000000005,38.33,1,2,4,1,2,0.5625,19,74.62070000000004,3
208908,581.0690000000003,6.139100000000004,106.35000000000001,2,8,11,5,0,0.1724137931034483,40,154.12419999999972,5
208920,620.8740000000003,7.661300000000011,77.76,3,4,1,1,7,0.6428571428571429,46,181.52239999999944,8
213023,627.7460000000002,5.602600000000004,154.03,2,9,15,4,0,0.35294117647058826,46,177.86059999999955,4
213039,547.6740000000003,2.3752999999999997,140.42000000000002,3,8,11,2,2,0.5185185185185185,38,141.59569999999994,4
213046,492.6890000000003,4.255800000000003,56.75,0,6,5,2,5,0.6785714285714286,35,138.25199999999995,7
214339,354.28700000000003,5.060880000000003,41.61,0,5,2,2,1,0.14285714285714285,21,90.308,3
216209,551.7690000000002,3.293500000000003,146.13000000000002,4,7,19,1,0,0.7333333333333333,39,154.54329999999993,1
216210,471.52100000000013,2.98597,150.22000000000003,4,7,9,4,0,0.16,35,133.66510000000005,4
216235,454.91300000000024,3.9612400000000028,107.73,1,8,6,3,1,0.2222222222222222,29,106.71400000000004,4
216237,448.9500000000003,5.683140000000005,69.64,2,3,3,3,1,0.23076923076923078,32,127.63350000000003,4
216239,464.83100000000013,5.549700000000002,92.35,3,4,5,3,0,0.09523809523809523,32,113.23860000000003,3
216258,1749.8470000000004,-24.753400000000028,706.7099999999997,18,33,44,0,1,0.8103448275862069,112,373.04780000000096,1
216326,259.265,0.029799999999999494,92.5,2,4,1,1,2,0.3076923076923077,19,66.8996,3
216416,413.56100000000015,5.728700000000007,32.7,1,3,6,3,2,0.35714285714285715,31,125.06480000000003,5
219024,390.3600000000001,-2.434699999999998,186.46,5,12,4,3,1,0.4,28,93.25700000000002,4
219078,250.298,0.45390000000000025,67.42999999999999,2,3,6,1,0,0.38461538461538464,18,67.76940000000003,1
219084,681.7530000000004,-7.1231000000000115,219.6,0,14,20,1,0,0.5217391304347826,38,116.81500000000007,1
219090,614.4110000000002,4.3663000000000025,129.91,3,7,7,3,1,0.391304347826087,41,125.52680000000002,4
222786,360.4500000000001,1.9898,91.67,2,5,2,0,4,0.7619047619047619,26,94.14260000000004,4
315411,182.147,-2.2441999999999998,90.15,4,5,1,0,1,1.0,12,34.87519999999999,1
358641,543.6060000000002,2.6236199999999994,203.73000000000002,4,12,8,4,0,0.20833333333333334,38,142.66369999999992,4
441332,368.5140000000001,3.433000000000003,97.99000000000001,4,4,12,0,1,0.7619047619047619,26,102.76020000000005,1
441382,665.7330000000003,0.11970000000000436,230.98999999999998,7,13,3,0,4,0.6363636363636364,47,165.1591999999998,4
443379,348.39900000000006,1.1261000000000003,106.94000000000001,3,4,8,1,1,0.5,25,91.15530000000007,2
444006,620.7350000000001,2.29812,175.39999999999998,2,14,9,2,2,0.4,41,154.51209999999975,4
444013,661.7670000000004,-7.332700000000013,206.77,2,13,22,0,0,0.75,36,114.11240000000008,0
444033,540.6970000000002,4.703900000000004,99.13000000000001,1,7,5,0,6,0.78125,39,143.24479999999986,6
449193,403.212,5.030900000000003,60.45,1,4,7,2,1,0.29411764705882354,26,93.50320000000002,3
455658,651.9520000000003,3.4591400000000023,128.58,2,4,8,3,2,0.23529411764705882,44,165.6975999999997,5
477468,1270.2910000000004,-3.9020000000000015,510.1400000000001,16,23,18,4,3,0.48214285714285715,89,303.7601999999999,7
483407,513.6770000000002,5.950920000000006,63.050000000000004,1,5,8,2,3,0.6896551724137931,37,139.48269999999994,5
489129,348.3970000000002,2.4846000000000004,54.18,1,5,5,2,1,0.4444444444444444,25,89.68580000000003,3
517045,82.034,-4.2398,40.129999999999995,0,2,0,0,0,0.5,5,10.681000000000001,0
644241,529.5260000000002,6.355840000000004,97.62,2,7,6,5,0,0.10714285714285714,39,140.98089999999982,5
656628,495.54200000000014,3.0711000000000013,97.05000000000001,3,6,13,2,1,0.48,35,127.23540000000004,3
656892,555.5160000000002,7.130500000000007,45.59,1,4,8,5,0,0.21875,37,155.29579999999973,5
657298,170.237,1.38499,48.65,2,2,2,1,0,0.42857142857142855,11,46.2424,1
667490,152.18200000000002,1.0154899999999998,57.36,2,3,0,2,0,0.0,10,39.0734,2
1349907,114.173,1.08269,20.72,1,2,0,1,0,0.25,7,30.597699999999996,1
2723601,167.197,0.5976899999999998,83.38,3,4,0,2,0,0.0,11,43.48579999999999,2
2761171,166.24899999999997,1.2782,38.91,1,2,2,1,0,0.25,11,49.502400000000016,1
3006171,366.4280000000001,4.989100000000002,97.41999999999999,2,6,5,3,0,0.09090909090909091,28,110.31740000000002,3
3010818,679.8629999999999,2.4459000000000026,179.56,4,8,13,1,4,0.7222222222222222,49,180.5892999999995,5
3038497,332.24399999999997,-3.8769999999999962,81.65,0,5,6,1,0,0.5384615384615384,21,68.80650000000006,1
3052762,367.8770000000002,2.0878,76.82,2,5,6,1,2,0.6111111111111112,25,98.48460000000004,3
3055172,810.4660000000001,5.719400000000006,158.13,2,11,6,0,4,0.813953488372093,56,211.7035999999992,4
3062316,488.01700000000034,3.313540000000002,106.50999999999999,3,9,7,3,1,0.36363636363636365,33,132.04670000000002,4
3080904,560.7750000000004,6.189200000000009,101.15,5,5,0,2,6,0.6666666666666666,41,158.85099999999977,8
3081276,916.1529999999995,8.537400000000005,162.62,5,11,20,2,4,0.62,64,241.3938999999992,6
3081361,475.3620000000001,5.004200000000004,59.510000000000005,1,6,6,3,1,0.36363636363636365,30,119.18870000000004,4
3081362,1755.6580000000006,2.6922000000000095,598.09,23,28,30,5,7,0.525,121,432.33750000000083,12
3081884,623.6570000000005,-1.3538999999999932,374.13,12,12,13,1,0,0.52,43,153.0146,1
3085017,149.62099999999998,0.7551,38.55,1,2,2,0,1,0.6666666666666666,9,39.711400000000005,1
3086257,605.6910000000004,4.142340000000003,152.19,5,5,8,3,2,0.35294117647058826,44,169.20279999999968,5
3086685,386.48,4.6391000000000036,70.67,2,4,5,4,0,0.045454545454545456,28,113.21390000000004,4
3086686,398.48200000000014,3.3349400000000022,77.23,3,3,7,2,1,0.36363636363636365,29,113.28860000000005,3
3325225,291.19599999999997,-0.3952000000000002,150.30999999999997,5,5,6,1,0,0.3,19,64.35210000000002,1
4369359,407.3180000000001,2.0165,77.04,1,5,4,2,1,0.4375,28,83.05340000000002,3
4474778,102.08899999999998,-0.8648,54.370000000000005,1,3,3,0,0,0.5,7,22.751799999999992,0
4479094,412.65800000000013,6.6118000000000094,40.46,2,2,5,0,3,0.7142857142857143,30,127.0316000000001,3
4479097,1347.3849999999993,2.4881400000000116,496.41999999999996,9,19,26,2,6,0.6290322580645161,92,335.2150000000003,8
4517618,70.003,-4.6648,54.099999999999994,1,2,0,0,0,0.0,4,7.6967,0
4630253,408.92200000000014,2.0209,94.83000000000001,3,5,2,0,4,0.7272727272727273,28,104.61940000000003,4
4659568,305.2900000000001,1.7813799999999995,127.70000000000002,2,6,5,1,0,0.2857142857142857,22,77.94400000000002,1
4659569,273.244,2.545420000000002,100.67,2,5,3,2,0,0.07142857142857142,20,71.03750000000001,2
5001396,307.32500000000005,2.9776000000000016,70.34,0,4,4,3,0,0.15789473684210525,23,85.51300000000006,3
5251896,303.406,1.1742799999999995,76.36000000000001,2,4,3,0,5,0.8823529411764706,22,80.71350000000005,5
5273759,515.6000000000003,0.4982000000000006,192.25000000000003,5,14,6,3,3,0.5,36,136.11309999999997,6
5277135,447.8900000000001,4.281000000000003,88.76,2,5,7,3,0,0.30434782608695654,31,116.89610000000005,3
5281007,182.18699999999998,-1.6656999999999984,95.43999999999998,2,5,3,0,1,0.3333333333333333,13,49.379100000000015,1
5310993,154.125,-0.2783800000000001,77.13,1,3,1,1,0,0.16666666666666666,11,34.893299999999996,1
5311167,428.90300000000013,3.090200000000002,74.60000000000001,2,4,2,0,4,0.7272727272727273,29,103.85760000000006,4
5327147,1221.4729999999997,0.05669999999998049,269.4399999999999,1,28,80,0,0,1.0,83,300.2557999999998,0
5328940,530.4560000000001,5.190380000000005,82.88000000000001,1,8,9,3,1,0.38461538461538464,36,143.35569999999987,4
5353894,137.16199999999998,-0.3098999999999998,34.28,1,2,1,0,1,0.14285714285714285,10,38.4557,1
5353980,398.40000000000015,1.8001999999999998,137.82,3,7,6,2,1,0.0,28,102.41100000000007,3
5359596,74.922,-0.3808,0.0,0,0,0,0,0,0.0,1,5.754,0
5360237,742.6800000000006,-2.690599999999997,297.12,10,19,15,3,2,0.5454545454545454,52,172.94399999999982,5
5361912,847.0190000000005,4.615720000000005,205.54999999999995,5,14,4,1,5,0.5869565217391305,61,226.76479999999935,6
5361917,436.3460000000001,-1.3259999999999974,66.76,2,4,2,1,5,0.6666666666666666,27,94.14300000000006,6
5362070,357.3220000000001,0.8089000000000002,145.16,4,6,7,1,1,0.11764705882352941,26,91.95150000000004,2
5362420,718.807,6.719240000000006,173.56,3,9,9,3,3,0.3170731707317073,53,201.19519999999955,6
5381226,822.9529999999996,3.4262200000000025,216.66,6,15,4,1,5,0.5348837209302325,59,216.66059999999933,6
5462337,302.242,1.0081999999999998,136.29000000000002,4,6,4,1,1,0.0,22,75.9896,2
5464096,388.4640000000001,1.9046999999999994,106.94000000000001,3,4,8,1,2,0.5714285714285714,28,102.80030000000008,3
5479141,1237.5180000000005,5.762300000000015,376.1,10,18,52,0,1,0.864406779661017,85,317.6826,1
5487068,936.9930000000005,4.782200000000007,268.97999999999996,8,12,11,4,4,0.40425531914893614,66,245.28179999999938,8
5487301,301.39400000000006,1.8347999999999995,95.03,4,4,7,1,1,0.375,22,90.77960000000004,2
5488383,340.232,-1.3038999999999998,145.86,4,7,0,1,3,0.25,23,74.5586,4
5488547,460.57100000000025,1.4020000000000001,152.87,3,4,8,2,1,0.44,33,127.18890000000007,3
5493381,373.3680000000001,2.1124,98.74000000000001,3,6,2,1,3,0.0,28,102.77770000000005,4
6102852,604.7150000000001,-7.82820000000001,194.04,3,13,10,0,1,0.8333333333333334,32,99.88040000000004,1
6323497,877.0449999999994,4.739020000000004,216.66,6,15,5,1,6,0.574468085106383,63,232.99259999999921,7
6326970,78.96,-0.3808,0.0,0,0,0,0,0,0.0,1,5.754,0
6328144,226.0,0.0,0.0,0,0,0,0,0,0.0,1,0.0,0
6328526,508.16700000000014,-3.0653999999999932,196.21999999999997,5,8,16,0,0,0.6428571428571429,28,93.25300000000006,0
6331630,729.9080000000001,3.4380000000000046,146.39000000000001,2,12,4,0,10,0.875,52,186.26319999999942,10
6333887,997.6500000000002,3.596600000000003,114.43,0,9,11,0,1,0.8461538461538461,40,161.98699999999968,1
6398970,395.42200000000014,-0.1717999999999998,158.20999999999998,4,9,5,1,2,0.21428571428571427,26,94.73140000000002,3
6433082,251.75399999999996,1.8397000000000001,69.39,1,4,9,0,0,0.8181818181818182,16,65.64440000000003,0
6433091,221.34399999999997,3.0835000000000017,23.47,1,2,5,1,0,0.5714285714285714,16,68.85680000000005,1
6433101,452.5380000000001,4.683000000000006,75.99000000000001,2,5,12,1,1,0.56,32,118.47060000000006,2
6433117,392.49900000000014,3.148900000000002,85.35000000000001,4,4,6,3,1,0.375,29,115.59000000000003,4
6433119,435.8890000000001,2.5199,88.18,1,6,5,2,2,0.3157894736842105,29,108.89120000000004,4
6435110,1736.184999999999,10.812700000000001,340.12000000000006,6,28,15,0,14,0.8105263157894737,123,450.181800000002,14
6437075,583.5970000000004,-0.5475999999999983,211.07999999999996,5,10,7,1,4,0.4782608695652174,39,133.28290000000007,5
6440191,1058.052,6.234400000000012,266.6599999999999,7,18,13,1,3,0.6346153846153846,72,265.09709999999933,4
6442177,958.24,6.197200000000008,204.65999999999994,3,14,9,0,4,0.7547169811320755,68,255.95639999999904,4
6445540,506.70900000000023,4.050520000000002,112.05,3,7,2,1,2,0.7407407407407407,35,137.92529999999994,3
6452749,800.0770000000001,6.639100000000009,134.02,3,8,3,2,4,0.5555555555555556,48,184.68639999999957,6
6453361,546.146707,-0.3564,85.5,0,0,0,0,0,0.0,5,2.0595,0
6477186,534.4910000000003,4.967800000000005,101.12,0,9,8,3,2,0.4,38,128.83940000000004,5
6850789,501.98400000000015,-5.756999999999995,275.03,8,11,5,0,2,1.0,28,70.70090000000003,2
6850791,1269.4730000000004,-1.4416000000000089,464.8799999999999,15,16,32,3,3,0.5409836065573771,91,336.5172000000005,6
6918182,513.493,-6.179719999999998,187.54999999999998,0,11,8,1,0,0.25,25,75.8105,1
6918313,477.99600000000027,4.451380000000003,102.29,2,5,7,4,1,0.3076923076923077,34,136.58460000000002,5
6918366,1004.8410000000003,-5.666699999999996,371.09000000000003,13,19,19,3,1,0.6216216216216216,67,208.74799999999965,4
6918430,534.5800000000003,-1.2527999999999966,198.89,5,12,6,0,5,0.45,36,130.54230000000004,5
6918456,373.4490000000001,3.8910000000000036,46.61,0,5,5,2,2,0.4,26,96.61400000000003,4
6918462,517.7760000000004,5.251300000000006,66.84,1,6,5,0,5,0.8666666666666667,36,144.69379999999984,5
6918558,411.5860000000001,5.381100000000005,49.77,1,4,10,2,0,0.5,30,122.71780000000005,2
6918584,2178.032000000001,-42.32720000000018,792.4000000000001,16,56,40,0,30,0.8888888888888888,136,419.9728000000009,30
6918638,318.35400000000004,2.006,95.5,3,4,5,2,0,0.0,22,82.65570000000004,2
6918670,430.5410000000002,2.332300000000001,104.06000000000002,3,6,3,0,4,0.68,31,114.66540000000008,4
9794842,245.32199999999995,2.2512,38.33,1,2,4,1,2,0.5333333333333333,18,69.78970000000004,3
9800339,386.4480000000001,2.376,100.05000000000001,4,6,7,2,1,0.38095238095238093,28,105.97100000000006,3
9810131,684.7000000000003,0.5876999999999997,223.23999999999998,4,14,11,3,2,0.2727272727272727,43,155.78749999999982,5
9811221,835.9440000000003,4.5678000000000045,202.44999999999996,3,14,10,2,4,0.5777777777777777,60,213.1847999999994,6
9812414,595.4880000000003,-6.2505999999999915,339.51,9,16,10,0,2,0.9166666666666666,36,102.46450000000004,2
9815559,197.278,1.6294,49.33,2,2,2,0,2,0.9090909090909091,14,54.108500000000035,2
9818231,312.3770000000001,1.5447799999999998,88.91,1,5,3,2,1,0.5,23,86.67070000000004,3
9825285,456.4580000000002,4.191800000000003,123.24,2,7,7,5,0,0.12,34,124.95900000000003,5
9831414,687.062,13.498599999999975,52.60000000000001,0,4,29,0,0,0.4782608695652174,50,219.02599999999921,0
9831761,726.2850000000002,4.426100000000002,205.49,4,10,8,4,3,0.34375,49,185.39509999999964,7
9831783,728.7120000000002,1.7804800000000003,347.29,11,15,12,3,0,0.2727272727272727,52,183.8702999999998,3
9846180,442.47500000000025,3.779460000000002,116.55,3,6,5,3,1,0.12,33,127.18370000000002,4
9853053,693.7320000000003,8.382100000000007,61.440000000000005,2,3,10,4,2,0.3333333333333333,50,179.38189999999955,6
9854489,538.5840000000003,4.926800000000005,93.81000000000002,1,7,4,1,4,0.5925925925925926,37,128.60830000000004,5
9865528,396.51600000000013,2.7722,100.27,4,6,9,3,0,0.23809523809523808,28,113.27760000000004,3
9869929,483.96000000000026,2.4318000000000004,125.39,3,9,9,3,1,0.34782608695652173,34,128.01870000000002,4
9871419,522.5780000000003,2.0136999999999996,138.44,4,11,10,3,2,0.5652173913043478,36,127.75310000000003,5
9887712,408.87800000000004,1.8444000000000003,99.38000000000001,4,6,6,2,1,0.42857142857142855,28,104.58920000000006,3
9898619,1357.7170000000008,-1.3547000000000144,465.3999999999998,17,18,34,4,1,0.5230769230769231,95,365.49180000000064,5
9912092,460.5080000000002,2.4342000000000006,119.08,1,7,8,2,1,0.3181818181818182,32,117.86050000000004,3
9924495,349.39300000000003,4.438180000000004,58.68,0,4,3,4,0,0.0,27,105.421,4
9930048,385.9320000000001,3.062500000000002,51.16000000000001,1,5,7,1,2,0.7,26,104.69080000000007,3
9940864,856.3400000000001,3.818720000000001,280.52,5,16,11,6,1,0.2777777777777778,58,208.3553999999997,7
9941444,1047.2269999999999,3.3685000000000107,281.2,9,11,17,6,2,0.3275862068965517,77,288.4666999999999,8
9966051,298.4550000000001,3.8642400000000023,15.27,1,3,3,2,1,0.3333333333333333,21,91.56370000000005,3
10028615,492.59100000000024,5.6295000000000055,77.52000000000001,1,5,5,2,3,0.4827586206896552,36,134.08269999999996,5
10096344,472.5530000000002,1.1474200000000006,116.85999999999999,1,10,4,4,1,0.4,35,135.48339999999993,5
10107393,274.32,3.8497000000000017,45.150000000000006,2,4,2,3,0,0.07142857142857142,19,76.22550000000003,3
10113978,437.52900000000017,3.1390399999999996,119.02999999999999,2,8,5,4,0,0.19047619047619047,31,121.38090000000004,4
10163178,485.94700000000023,4.389900000000003,88.61000000000001,2,7,8,3,1,0.2916666666666667,34,130.4064,4
10178705,393.8460000000002,3.144700000000001,88.56,2,5,3,2,2,0.47368421052631576,27,102.44570000000006,4
10182969,459.5060000000003,2.6996,110.76,1,6,5,3,2,0.28,34,126.66040000000007,5
10324367,519.6870000000005,1.711200000000003,150.70000000000002,4,5,8,0,3,0.8148148148148148,37,139.0155,3
10465263,195.693,2.589200000000001,12.03,1,1,0,1,1,0.45454545454545453,13,56.44070000000003,2
10482134,530.6610000000004,6.053300000000006,78.9,0,6,17,3,0,0.36363636363636365,39,149.93799999999976,3
11001318,308.12,4.4998000000000005,63.33,1,3,2,3,0,0.0,20,76.42430000000002,3
11020241,214.18599999999998,-4.183599999999999,112.88000000000001,2,6,2,0,1,0.5,13,35.752599999999994,1
11163584,339.39900000000017,0.3944800000000007,97.04999999999998,1,7,3,2,1,0.3888888888888889,25,95.62440000000004,3
11167602,482.8210000000001,5.688800000000001,92.35,3,4,5,3,0,0.09523809523809523,33,113.19660000000002,3
11228026,484.66300000000024,4.666800000000004,55.760000000000005,1,6,9,3,3,0.4230769230769231,33,130.5232,6
11234049,370.34400000000016,1.3957,106.26,1,8,4,3,1,0.23529411764705882,27,92.12380000000003,4
11235728,429.4390000000001,1.79128,127.64999999999999,3,5,2,0,6,0.85,30,96.49000000000007,6
11238823,568.5420000000004,4.705220000000004,155.58999999999997,1,11,9,6,0,0.16666666666666666,42,149.10019999999977,6
11254352,274.99,-6.4915999999999965,138.45000000000002,6,6,5,0,0,0.8333333333333334,15,38.748799999999996,0
11304743,422.4240000000002,2.4427000000000003,138.07,2,9,4,4,0,0.15,31,113.6888,4
11499245,151.93299999999996,0.04340000000000005,29.46,1,2,0,1,1,0.14285714285714285,11,38.79580000000002,2
11501341,358.4439380000002,4.280200000000003,39.72,1,4,12,2,0,0.3333333333333333,26,104.46670000000006,2
11505907,736.8470000000005,4.488420000000009,208.93,5,9,5,6,2,0.175,53,207.2174999999997,8
11519069,508.5000000000002,2.144,29.46,1,2,8,3,3,0.3793103448275862,33,127.99320000000004,6
11531537,404.55100000000016,3.432300000000003,71.03000000000002,2,5,11,1,2,0.6956521739130435,29,113.37250000000009,3
11556711,719.924,2.5835000000000052,158.47,4,8,20,2,2,0.575,52,198.16479999999942,4
11593706,211.64499999999998,0.9775,96.08,3,3,2,0,1,0.5714285714285714,13,50.365000000000016,1
11597571,450.3450000000002,5.037700000000004,77.99,2,6,5,3,1,0.3333333333333333,30,116.47410000000002,4
11597697,455.5990000000001,0.19810000000000472,189.87999999999997,5,7,8,1,0,0.5882352941176471,29,113.57670000000007,1
11672461,957.8680000000004,-14.546999999999986,268.96,0,17,23,2,1,0.48484848484848486,55,163.83949999999956,3
11707110,615.403,3.940120000000002,107.13,2,8,5,4,1,0.23076923076923078,37,148.7573999999998,5
11722286,1477.9629999999986,11.364899999999999,222.43999999999994,0,22,18,0,12,0.8554216867469879,105,393.0830000000019,12
11947681,215.941,0.8015499999999999,158.32,0,6,0,0,0,0.0,13,31.566,0
11949646,450.9150000000001,1.6134000000000004,108.61000000000001,4,7,6,2,2,0.4782608695652174,31,113.27220000000004,4
11979316,2140.492000000001,-9.733599999999914,889.48,27,32,38,4,4,0.4891304347826087,148,544.0388000000015,8
13559279,433.59200000000016,4.972200000000006,57.61,1,4,3,1,4,0.5714285714285714,32,126.66280000000005,5
15951529,464.44400000000013,3.992480000000003,76.44,1,4,3,2,1,0.23809523809523808,32,112.59120000000001,3
16004692,588.2820000000002,3.572700000000002,128.22000000000003,2,8,11,3,0,0.2631578947368421,32,126.7262,3
16065945,749.956,5.254120000000004,156.88999999999996,2,10,8,3,4,0.5526315789473685,52,198.5521999999995,7
16126651,440.5070000000002,4.2173000000000025,99.16,1,7,5,4,1,0.2,33,126.73539999999998,5
16129616,3431.9089999999887,-21.528930000000216,1508.2099999999994,52,54,98,2,3,0.6758620689655173,239,850.0568000000046,5
16129617,2933.4919999999925,-7.964489999999952,1158.72,42,39,93,6,3,0.5808823529411765,208,766.2786000000042,9
16129629,1620.693000000001,-5.621799999999963,702.02,22,24,35,3,1,0.5277777777777778,115,400.26050000000095,4
16129632,1793.1250000000005,4.495200000000007,560.9799999999998,20,28,19,7,8,0.4186046511627907,125,445.2494000000007,15
16129665,3056.440999999991,-17.444020000000144,1415.6599999999996,52,44,105,2,0,0.6538461538461539,215,764.1873000000043,2
16129672,5807.670999999988,-19.37233000000035,2299.0700000000006,78,83,126,9,3,0.5719844357976653,405,1463.1802000000089,12
16129682,4117.786999999984,-15.240260000000273,1752.6499999999987,60,57,144,6,0,0.6243093922651933,289,1046.0975000000053,6
16129690,2639.1870000000004,-16.212859999999978,1133.84,42,45,38,1,3,0.6666666666666666,177,657.6236000000029,4
16129701,1879.6800000000012,1.163600000000007,662.4100000000001,24,33,20,7,9,0.42045454545454547,132,453.1690000000008,16
16129703,6963.528999999986,-40.781499999999575,3086.8900000000053,99,108,165,4,6,0.6236933797909407,483,1683.1404000000075,10
16129704,2180.317000000001,-8.11642999999994,901.5700000000002,28,29,66,3,3,0.5408163265306123,155,539.8094000000017,6
16130199,4491.944999999984,-15.378400000000315,1902.8899999999985,63,60,151,9,0,0.5588235294117647,319,1130.398400000006,9
16130295,6511.557999999995,-26.69198000000003,2645.7400000000007,93,92,105,8,7,0.5774647887323944,454,1652.3909000000067,15
16130957,1570.3500000000001,2.272699999999972,451.48999999999984,16,16,44,5,1,0.5,112,428.7671000000014,6
16131215,1416.0889999999997,1.1679999999999822,424.97999999999985,13,16,38,5,1,0.4583333333333333,101,377.18270000000103,6
16131310,3008.3789999999926,-13.389260000000018,1251.3499999999997,41,44,91,5,3,0.5481481481481482,213,765.926900000004,8
16132265,4541.14199999999,-15.1620900000003,1836.2499999999984,63,61,145,8,4,0.5652173913043478,322,1156.520600000006,12
16132283,3482.8019999999897,-17.939760000000152,1538.7399999999993,55,51,113,7,0,0.5228758169934641,246,871.826400000004,7
16132344,4670.383999999984,-19.193660000000346,1989.129999999998,66,65,159,3,2,0.6780487804878049,328,1173.4430000000064,5
16132418,5831.68999999999,-22.01003000000029,2345.16,86,84,187,9,0,0.56640625,406,1470.9987000000076,9
16132438,5813.71899999999,-20.978530000000312,2299.07,84,83,184,9,1,0.5719844357976653,405,1471.5502000000074,10
16132441,6985.575999999984,-43.272799999999464,3107.1200000000076,106,109,234,4,3,0.6236933797909407,484,1692.970200000008,7
16132446,3951.470999999986,-24.360530000000402,1690.6399999999987,58,59,121,4,3,0.6140350877192983,277,986.8788000000051,7
16134956,3751.2619999999843,-10.161660000000166,1513.7599999999993,54,49,130,6,0,0.5930232558139535,266,955.1668000000045,6
16136245,1632.2890000000002,1.5146999999999817,512.8699999999998,17,18,41,6,2,0.4146341463414634,117,434.1404000000012,8
16137271,5916.926999999995,-13.379330000000374,2252.8199999999993,76,81,136,9,3,0.5880149812734082,413,1504.6020000000087,12
16139342,4858.569999999988,-22.912530000000242,2060.159999999998,70,71,169,5,3,0.6465116279069767,342,1225.615400000007,8
16139605,3752.139999999986,-16.88523000000022,1624.2199999999991,55,53,125,5,0,0.5914634146341463,264,933.9366000000043,5
16156130,4186.6369999999815,-20.604330000000342,1749.7499999999989,58,60,134,5,4,0.6141304347826086,295,1041.333800000005,9
16158207,1586.8190000000009,-5.8483000000000205,611.21,20,27,13,2,4,0.5245901639344263,105,384.30900000000076,6
16158473,3099.509999999993,-16.92322000000012,1438.5199999999995,52,44,105,2,0,0.6515151515151515,218,777.6659000000041,2
16213095,580.5770000000005,-6.359799999999987,266.90999999999997,10,17,17,0,2,1.0,39,126.06700000000005,2
16220172,392.4990000000002,5.081000000000004,82.19,3,3,2,3,0,0.3333333333333333,29,118.02870000000007,3
17754772,306.37300000000005,3.466380000000002,83.17999999999999,1,5,4,3,1,0.4117647058823529,23,86.33470000000004,4
19371515,307.39700000000005,2.7792000000000012,38.13,0,4,1,2,2,0.3684210526315789,23,90.51350000000005,4
22834577,3464.1009999999937,-20.310020000000183,1508.779999999999,55,54,87,1,3,0.6783216783216783,239,876.6676000000047,4
23668479,482.51300000000015,-2.7164799999999953,155.07,2,9,6,3,0,0.3,33,106.02140000000001,3
23689036,185.8922547,-4.5439,74.27,0,4,0,0,0,0.0,6,2.0595,0
23690938,353.33500000000004,-2.4560999999999984,102.42999999999998,1,6,2,2,1,0.06666666666666667,24,80.60700000000003,3
24762228,699.944,0.5894000000000048,198.53999999999996,4,15,13,2,2,0.76,44,169.56019999999964,4
24776445,421.30500000000006,4.711200000000003,76.13,1,4,4,3,0,0.05263157894736842,27,107.19800000000001,3
24812758,444.52400000000017,2.968320000000003,90.15,4,6,5,3,1,0.3333333333333333,31,116.41820000000001,4
24822371,359.4319380000002,3.675200000000003,52.610000000000014,1,5,12,2,0,0.35,26,102.26170000000006,2
24826799,532.5700000000003,4.456020000000003,65.77000000000001,1,6,4,4,1,0.27586206896551724,39,142.31719999999987,5
24838347,196.58599999999998,-0.8729,86.99,3,4,1,0,1,0.5,12,40.91040000000001,1
24846132,736.7140000000005,-7.353899999999998,314.83,11,21,15,0,4,1.0,50,157.74079999999995,4
24950485,776.0420000000001,6.000700000000006,138.02,3,10,19,4,1,0.475,54,212.54509999999934,5
24965990,450.9300000000002,4.111320000000004,80.29,0,7,3,4,1,0.30434782608695654,32,122.44350000000003,5
25074470,1311.4730000000006,-2.294800000000013,490.4199999999999,17,15,33,6,2,0.421875,95,346.17820000000063,8
25074886,1545.0859999999998,-0.08250000000002627,535.4699999999998,17,17,38,5,1,0.4305555555555556,109,392.17600000000084,6
25077405,1322.4960000000005,-1.6229000000000124,474.6299999999999,16,15,33,6,2,0.4090909090909091,96,351.8275000000006,8
25077993,1323.5280000000005,-0.9967000000000052,449.3599999999999,15,16,34,6,2,0.4393939393939394,96,352.1301000000007,8
25094462,529.4580000000002,1.6564999999999994,158.17999999999995,3,10,10,2,1,0.5,36,125.20670000000004,3
25102847,501.51400000000024,5.5408000000000035,98.78,2,6,8,4,1,0.17857142857142858,37,136.68939999999998,5
25880656,443.43200000000013,-4.316699999999995,188.47999999999996,5,9,1,1,3,0.4090909090909091,32,104.21150000000003,4
25880664,443.43200000000013,-4.183499999999994,188.47999999999996,5,9,1,1,3,0.4090909090909091,32,103.97750000000002,4
26275995,456.47500000000025,-3.7824999999999953,171.49,4,8,3,1,3,0.43478260869565216,33,112.43770000000005,4
40468184,352.32200000000006,2.8858000000000015,113.47999999999999,0,6,5,3,0,0.15789473684210525,26,92.16740000000004,3
42611257,489.9310000000001,5.544200000000003,91.92,2,4,7,4,0,0.13043478260869565,33,124.03069999999998,4
44134877,958.94,-5.576599999999994,409.36000000000007,12,20,4,2,6,0.4090909090909091,67,223.49879999999976,8
44146714,6062.996999999995,-21.12019000000025,2437.980000000002,85,86,136,9,3,0.5767790262172284,423,1532.610800000009,12
44201342,5135.862999999984,-27.031080000000056,2339.3699999999994,83,72,181,3,0,0.6289592760180995,361,1296.3394000000067,3
44201343,7059.99999999999,-29.750449999999866,2912.9500000000044,106,99,232,12,2,0.5344262295081967,492,1779.858400000008,14
44462760,519.5740000000002,5.364900000000002,110.85999999999999,2,7,5,4,0,0.17391304347826086,35,128.8129,4
44564107,7594.905999999991,-63.94361999999845,2667.5900000000006,26,199,156,26,20,0.6260869565217392,476,1596.2664000000061,46
44564722,503.55900000000037,2.716860000000001,162.8,5,8,6,3,1,0.18518518518518517,37,143.32389999999992,4
44567678,1816.7160000000008,4.168000000000008,572.51,21,29,22,7,9,0.42045454545454547,128,452.0689000000009,16
46181941,1313.4330000000004,1.1145000000000045,482.44,15,17,23,6,2,0.3484848484848485,95,344.19470000000064,8
46216142,441.3660000000001,-2.2751999999999972,103.7,1,6,3,2,2,0.35,31,97.66470000000002,4
51508717,336.374,0.6013999999999999,102.42999999999998,1,7,2,2,1,0.07692307692307693,22,78.48400000000002,3
51601240,464.8580000000001,-2.506499999999997,185.64999999999998,6,9,1,1,3,0.38095238095238093,32,107.00530000000003,4
53477714,637.5250000000004,-6.977500000000007,332.4,5,19,13,0,2,0.9285714285714286,39,108.28230000000008,2
53627505,57.072,0.40949,17.07,0,1,1,0,0,0.3333333333333333,4,16.038,0
54677977,270.21,2.999480000000001,73.12,2,3,2,1,0,0.16666666666666666,19,61.01550000000001,1
54681041,585.6580000000001,0.3566000000000029,205.76000000000002,7,11,6,1,3,0.5172413793103449,42,154.9569999999999,4
54682541,1025.8860000000002,-0.990899999999993,414.97,13,19,4,2,6,0.43478260869565216,70,251.56039999999973,8
54687131,602.6410000000002,-0.6107999999999953,242.98000000000002,9,12,10,1,3,0.5172413793103449,43,151.39159999999993,4
56603655,541.5790000000004,2.1690000000000005,170.74999999999997,4,9,22,0,0,0.8636363636363636,36,133.0214,0
56842239,909.3899999999998,18.202099999999977,111.89999999999999,3,3,40,0,0,0.48333333333333334,66,287.9313999999998,0
70683024,730.6740000000002,-6.726400000000006,364.68,12,18,18,0,2,0.8148148148148148,50,158.5099,2
70695640,331.93100000000004,2.186,0.0,0,0,6,2,0,0.42857142857142855,23,98.56400000000006,2
71306834,746.5520000000001,2.2916000000000007,104.56,0,7,7,2,0,0.375,31,133.37719999999993,2
